2022-08-10 13:04:11 0 [Note] InnoDB: Mutexes and rw_locks use Windows interlocked functions
2022-08-10 13:04:11 0 [Note] InnoDB: Uses event mutexes
2022-08-10 13:04:11 0 [Note] InnoDB: Compressed tables use zlib 1.2.11
2022-08-10 13:04:11 0 [Note] InnoDB: Number of pools: 1
2022-08-10 13:04:11 0 [Note] InnoDB: Using SSE2 crc32 instructions
2022-08-10 13:04:11 0 [Note] InnoDB: Initializing buffer pool, total size = 16M, instances = 1, chunk size = 16M
2022-08-10 13:04:11 0 [Note] InnoDB: Completed initialization of buffer pool
2022-08-10 13:04:11 0 [Note] InnoDB: Starting crash recovery from checkpoint LSN=300288
2022-08-10 13:04:11 0 [Note] InnoDB: 128 out of 128 rollback segments are active.
2022-08-10 13:04:11 0 [Note] InnoDB: Removed temporary tablespace data file: "ibtmp1"
2022-08-10 13:04:11 0 [Note] InnoDB: Creating shared tablespace for temporary tables
2022-08-10 13:04:11 0 [Note] InnoDB: Setting file 'C:\xampp\mysql\data\ibtmp1' size to 12 MB. Physically writing the file full; Please wait ...
2022-08-10 13:04:11 0 [Note] InnoDB: File 'C:\xampp\mysql\data\ibtmp1' size is now 12 MB.
2022-08-10 13:04:11 0 [Note] InnoDB: Waiting for purge to start
2022-08-10 13:04:12 0 [Note] InnoDB: 10.4.20 started; log sequence number 300297; transaction id 170
2022-08-10 13:04:12 0 [Note] InnoDB: Loading buffer pool(s) from C:\xampp\mysql\data\ib_buffer_pool
2022-08-10 13:04:12 0 [Note] Plugin 'FEEDBACK' is disabled.
2022-08-10 13:04:12 0 [Note] Server socket created on IP: '::'.
2022-08-13 18:45:11 0 [Note] InnoDB: Mutexes and rw_locks use Windows interlocked functions
2022-08-13 18:45:11 0 [Note] InnoDB: Uses event mutexes
2022-08-13 18:45:11 0 [Note] InnoDB: Compressed tables use zlib 1.2.11
2022-08-13 18:45:11 0 [Note] InnoDB: Number of pools: 1
2022-08-13 18:45:11 0 [Note] InnoDB: Using SSE2 crc32 instructions
2022-08-13 18:45:11 0 [Note] InnoDB: Initializing buffer pool, total size = 16M, instances = 1, chunk size = 16M
2022-08-13 18:45:11 0 [Note] InnoDB: Completed initialization of buffer pool
2022-08-13 18:45:11 0 [Note] InnoDB: Starting crash recovery from checkpoint LSN=300306
2022-08-13 18:45:11 0 [Note] InnoDB: 128 out of 128 rollback segments are active.
2022-08-13 18:45:11 0 [Note] InnoDB: Removed temporary tablespace data file: "ibtmp1"
2022-08-13 18:45:11 0 [Note] InnoDB: Creating shared tablespace for temporary tables
2022-08-13 18:45:11 0 [Note] InnoDB: Setting file 'C:\xampp\mysql\data\ibtmp1' size to 12 MB. Physically writing the file full; Please wait ...
2022-08-13 18:45:11 0 [Note] InnoDB: File 'C:\xampp\mysql\data\ibtmp1' size is now 12 MB.
2022-08-13 18:45:11 0 [Note] InnoDB: Waiting for purge to start
2022-08-13 18:45:11 0 [Note] InnoDB: 10.4.20 started; log sequence number 300315; transaction id 170
2022-08-13 18:45:11 0 [Note] InnoDB: Loading buffer pool(s) from C:\xampp\mysql\data\ib_buffer_pool
2022-08-13 18:45:11 0 [Note] Plugin 'FEEDBACK' is disabled.
2022-08-13 18:45:11 0 [Note] InnoDB: Buffer pool(s) load completed at 220813 18:45:11
2022-08-13 18:45:11 0 [Note] Server socket created on IP: '::'.
2022-08-13 19:05:13 0 [Note] InnoDB: Mutexes and rw_locks use Windows interlocked functions
2022-08-13 19:05:13 0 [Note] InnoDB: Uses event mutexes
2022-08-13 19:05:13 0 [Note] InnoDB: Compressed tables use zlib 1.2.11
2022-08-13 19:05:13 0 [Note] InnoDB: Number of pools: 1
2022-08-13 19:05:13 0 [Note] InnoDB: Using SSE2 crc32 instructions
2022-08-13 19:05:13 0 [Note] InnoDB: Initializing buffer pool, total size = 16M, instances = 1, chunk size = 16M
2022-08-13 19:05:13 0 [Note] InnoDB: Completed initialization of buffer pool
2022-08-13 19:05:13 0 [Note] InnoDB: Starting crash recovery from checkpoint LSN=300324
2022-08-13 19:05:14 0 [Note] InnoDB: 128 out of 128 rollback segments are active.
2022-08-13 19:05:14 0 [Note] InnoDB: Removed temporary tablespace data file: "ibtmp1"
2022-08-13 19:05:14 0 [Note] InnoDB: Creating shared tablespace for temporary tables
2022-08-13 19:05:14 0 [Note] InnoDB: Setting file 'C:\xampp\mysql\data\ibtmp1' size to 12 MB. Physically writing the file full; Please wait ...
2022-08-13 19:05:14 0 [Note] InnoDB: File 'C:\xampp\mysql\data\ibtmp1' size is now 12 MB.
2022-08-13 19:05:14 0 [Note] InnoDB: Waiting for purge to start
2022-08-13 19:05:14 0 [Note] InnoDB: 10.4.20 started; log sequence number 300333; transaction id 170
2022-08-13 19:05:14 0 [Note] InnoDB: Loading buffer pool(s) from C:\xampp\mysql\data\ib_buffer_pool
2022-08-13 19:05:14 0 [Note] Plugin 'FEEDBACK' is disabled.
2022-08-13 19:05:14 0 [Note] Server socket created on IP: '::'.
2022-08-14 18:47:05 0 [Note] InnoDB: Mutexes and rw_locks use Windows interlocked functions
2022-08-14 18:47:05 0 [Note] InnoDB: Uses event mutexes
2022-08-14 18:47:05 0 [Note] InnoDB: Compressed tables use zlib 1.2.11
2022-08-14 18:47:05 0 [Note] InnoDB: Number of pools: 1
2022-08-14 18:47:05 0 [Note] InnoDB: Using SSE2 crc32 instructions
2022-08-14 18:47:05 0 [Note] InnoDB: Initializing buffer pool, total size = 16M, instances = 1, chunk size = 16M
2022-08-14 18:47:05 0 [Note] InnoDB: Completed initialization of buffer pool
2022-08-14 18:47:05 0 [Note] InnoDB: Starting crash recovery from checkpoint LSN=445535
2022-08-14 18:47:06 0 [Note] InnoDB: 128 out of 128 rollback segments are active.
2022-08-14 18:47:06 0 [Note] InnoDB: Removed temporary tablespace data file: "ibtmp1"
2022-08-14 18:47:06 0 [Note] InnoDB: Creating shared tablespace for temporary tables
2022-08-14 18:47:06 0 [Note] InnoDB: Setting file 'C:\xampp\mysql\data\ibtmp1' size to 12 MB. Physically writing the file full; Please wait ...
2022-08-14 18:47:06 0 [Note] InnoDB: File 'C:\xampp\mysql\data\ibtmp1' size is now 12 MB.
2022-08-14 18:47:06 0 [Note] InnoDB: Waiting for purge to start
2022-08-14 18:47:06 0 [Note] InnoDB: 10.4.20 started; log sequence number 445544; transaction id 513
2022-08-14 18:47:06 0 [Note] InnoDB: Loading buffer pool(s) from C:\xampp\mysql\data\ib_buffer_pool
2022-08-14 18:47:06 0 [Note] Plugin 'FEEDBACK' is disabled.
2022-08-14 18:47:06 0 [Note] InnoDB: Buffer pool(s) load completed at 220814 18:47:06
2022-08-14 18:47:06 0 [Note] Server socket created on IP: '::'.
2022-08-22  9:53:25 0 [Note] InnoDB: Mutexes and rw_locks use Windows interlocked functions
2022-08-22  9:53:25 0 [Note] InnoDB: Uses event mutexes
2022-08-22  9:53:25 0 [Note] InnoDB: Compressed tables use zlib 1.2.11
2022-08-22  9:53:25 0 [Note] InnoDB: Number of pools: 1
2022-08-22  9:53:25 0 [Note] InnoDB: Using SSE2 crc32 instructions
2022-08-22  9:53:25 0 [Note] InnoDB: Initializing buffer pool, total size = 16M, instances = 1, chunk size = 16M
2022-08-22  9:53:25 0 [Note] InnoDB: Completed initialization of buffer pool
2022-08-22  9:53:25 0 [Note] InnoDB: Starting crash recovery from checkpoint LSN=569270
2022-08-22  9:53:25 0 [Note] InnoDB: 128 out of 128 rollback segments are active.
2022-08-22  9:53:25 0 [Note] InnoDB: Removed temporary tablespace data file: "ibtmp1"
2022-08-22  9:53:25 0 [Note] InnoDB: Creating shared tablespace for temporary tables
2022-08-22  9:53:25 0 [Note] InnoDB: Setting file 'C:\xampp\mysql\data\ibtmp1' size to 12 MB. Physically writing the file full; Please wait ...
2022-08-22  9:53:25 0 [Note] InnoDB: File 'C:\xampp\mysql\data\ibtmp1' size is now 12 MB.
2022-08-22  9:53:25 0 [Note] InnoDB: Waiting for purge to start
2022-08-22  9:53:25 4 [ERROR] InnoDB: Expected tablespace id 45 but found 25 in the file .\ecommerce_moto\motos.ibd
2022-08-22  9:53:25 4 [ERROR] InnoDB: Expected tablespace id 45 but found 25 in the file .\ecommerce_moto\motos.ibd
2022-08-22  9:53:25 0 [Note] InnoDB: 10.4.20 started; log sequence number 569279; transaction id 848
2022-08-22  9:53:25 0 [Note] InnoDB: Loading buffer pool(s) from C:\xampp\mysql\data\ib_buffer_pool
2022-08-22  9:53:25 0 [Note] Plugin 'FEEDBACK' is disabled.
2022-08-22  9:53:25 0 [Note] InnoDB: Buffer pool(s) load completed at 220822  9:53:25
2022-08-22  9:53:25 0 [Note] Server socket created on IP: '::'.
2022-08-24 18:15:42 0 [Note] InnoDB: Mutexes and rw_locks use Windows interlocked functions
2022-08-24 18:15:42 0 [Note] InnoDB: Uses event mutexes
2022-08-24 18:15:42 0 [Note] InnoDB: Compressed tables use zlib 1.2.11
2022-08-24 18:15:42 0 [Note] InnoDB: Number of pools: 1
2022-08-24 18:15:42 0 [Note] InnoDB: Using SSE2 crc32 instructions
2022-08-24 18:15:42 0 [Note] InnoDB: Initializing buffer pool, total size = 16M, instances = 1, chunk size = 16M
2022-08-24 18:15:42 0 [Note] InnoDB: Completed initialization of buffer pool
2022-08-24 18:15:42 0 [Note] InnoDB: Starting crash recovery from checkpoint LSN=575814
2022-08-24 18:15:42 0 [Note] InnoDB: 128 out of 128 rollback segments are active.
2022-08-24 18:15:42 0 [Note] InnoDB: Removed temporary tablespace data file: "ibtmp1"
2022-08-24 18:15:42 0 [Note] InnoDB: Creating shared tablespace for temporary tables
2022-08-24 18:15:42 0 [Note] InnoDB: Setting file 'C:\xampp\mysql\data\ibtmp1' size to 12 MB. Physically writing the file full; Please wait ...
2022-08-24 18:15:42 0 [Note] InnoDB: File 'C:\xampp\mysql\data\ibtmp1' size is now 12 MB.
2022-08-24 18:15:42 0 [Note] InnoDB: Waiting for purge to start
2022-08-24 18:15:42 0 [Note] InnoDB: 10.4.20 started; log sequence number 575823; transaction id 904
2022-08-24 18:15:42 0 [Note] InnoDB: Loading buffer pool(s) from C:\xampp\mysql\data\ib_buffer_pool
2022-08-24 18:15:42 0 [Note] Plugin 'FEEDBACK' is disabled.
2022-08-24 18:15:42 0 [Note] InnoDB: Buffer pool(s) load completed at 220824 18:15:42
2022-08-24 18:15:42 0 [Note] Server socket created on IP: '::'.
2022-08-25 18:19:07 0 [Note] InnoDB: Mutexes and rw_locks use Windows interlocked functions
2022-08-25 18:19:07 0 [Note] InnoDB: Uses event mutexes
2022-08-25 18:19:07 0 [Note] InnoDB: Compressed tables use zlib 1.2.11
2022-08-25 18:19:07 0 [Note] InnoDB: Number of pools: 1
2022-08-25 18:19:07 0 [Note] InnoDB: Using SSE2 crc32 instructions
2022-08-25 18:19:07 0 [Note] InnoDB: Initializing buffer pool, total size = 16M, instances = 1, chunk size = 16M
2022-08-25 18:19:07 0 [Note] InnoDB: Completed initialization of buffer pool
2022-08-25 18:19:07 0 [Note] InnoDB: Starting crash recovery from checkpoint LSN=575832
2022-08-25 18:19:07 0 [Note] InnoDB: 128 out of 128 rollback segments are active.
2022-08-25 18:19:07 0 [Note] InnoDB: Removed temporary tablespace data file: "ibtmp1"
2022-08-25 18:19:07 0 [Note] InnoDB: Creating shared tablespace for temporary tables
2022-08-25 18:19:07 0 [Note] InnoDB: Setting file 'C:\xampp\mysql\data\ibtmp1' size to 12 MB. Physically writing the file full; Please wait ...
2022-08-25 18:19:07 0 [Note] InnoDB: File 'C:\xampp\mysql\data\ibtmp1' size is now 12 MB.
2022-08-25 18:19:07 0 [Note] InnoDB: Waiting for purge to start
2022-08-25 18:19:07 0 [Note] InnoDB: 10.4.20 started; log sequence number 575841; transaction id 904
2022-08-25 18:19:07 0 [Note] InnoDB: Loading buffer pool(s) from C:\xampp\mysql\data\ib_buffer_pool
2022-08-25 18:19:07 0 [Note] Plugin 'FEEDBACK' is disabled.
2022-08-25 18:19:07 0 [Note] InnoDB: Buffer pool(s) load completed at 220825 18:19:07
2022-08-25 18:19:07 0 [Note] Server socket created on IP: '::'.
2022-08-28 23:22:53 0 [Note] InnoDB: Mutexes and rw_locks use Windows interlocked functions
2022-08-28 23:22:53 0 [Note] InnoDB: Uses event mutexes
2022-08-28 23:22:53 0 [Note] InnoDB: Compressed tables use zlib 1.2.11
2022-08-28 23:22:53 0 [Note] InnoDB: Number of pools: 1
2022-08-28 23:22:53 0 [Note] InnoDB: Using SSE2 crc32 instructions
2022-08-28 23:22:53 0 [Note] InnoDB: Initializing buffer pool, total size = 16M, instances = 1, chunk size = 16M
2022-08-28 23:22:53 0 [Note] InnoDB: Completed initialization of buffer pool
2022-08-28 23:22:53 0 [Note] InnoDB: Starting crash recovery from checkpoint LSN=575850
2022-08-28 23:22:53 0 [Note] InnoDB: 128 out of 128 rollback segments are active.
2022-08-28 23:22:53 0 [Note] InnoDB: Removed temporary tablespace data file: "ibtmp1"
2022-08-28 23:22:53 0 [Note] InnoDB: Creating shared tablespace for temporary tables
2022-08-28 23:22:53 0 [Note] InnoDB: Setting file 'C:\xampp\mysql\data\ibtmp1' size to 12 MB. Physically writing the file full; Please wait ...
2022-08-28 23:22:53 0 [Note] InnoDB: File 'C:\xampp\mysql\data\ibtmp1' size is now 12 MB.
2022-08-28 23:22:53 0 [Note] InnoDB: Waiting for purge to start
2022-08-28 23:22:53 0 [Note] InnoDB: 10.4.20 started; log sequence number 575859; transaction id 904
2022-08-28 23:22:53 0 [Note] InnoDB: Loading buffer pool(s) from C:\xampp\mysql\data\ib_buffer_pool
2022-08-28 23:22:53 0 [Note] Plugin 'FEEDBACK' is disabled.
2022-08-28 23:22:53 0 [Note] InnoDB: Buffer pool(s) load completed at 220828 23:22:53
2022-08-28 23:22:53 0 [Note] Server socket created on IP: '::'.
2022-08-29  1:45:06 0 [Note] InnoDB: Mutexes and rw_locks use Windows interlocked functions
2022-08-29  1:45:06 0 [Note] InnoDB: Uses event mutexes
2022-08-29  1:45:06 0 [Note] InnoDB: Compressed tables use zlib 1.2.11
2022-08-29  1:45:06 0 [Note] InnoDB: Number of pools: 1
2022-08-29  1:45:06 0 [Note] InnoDB: Using SSE2 crc32 instructions
2022-08-29  1:45:06 0 [Note] InnoDB: Initializing buffer pool, total size = 16M, instances = 1, chunk size = 16M
2022-08-29  1:45:06 0 [Note] InnoDB: Completed initialization of buffer pool
2022-08-29  1:45:06 0 [Note] InnoDB: Starting crash recovery from checkpoint LSN=575868
2022-08-29  1:45:07 0 [Note] InnoDB: 128 out of 128 rollback segments are active.
2022-08-29  1:45:07 0 [Note] InnoDB: Removed temporary tablespace data file: "ibtmp1"
2022-08-29  1:45:07 0 [Note] InnoDB: Creating shared tablespace for temporary tables
2022-08-29  1:45:07 0 [Note] InnoDB: Setting file 'C:\xampp\mysql\data\ibtmp1' size to 12 MB. Physically writing the file full; Please wait ...
2022-08-29  1:45:07 0 [Note] InnoDB: File 'C:\xampp\mysql\data\ibtmp1' size is now 12 MB.
2022-08-29  1:45:07 0 [Note] InnoDB: Waiting for purge to start
2022-08-29  1:45:07 0 [Note] InnoDB: 10.4.20 started; log sequence number 575877; transaction id 904
2022-08-29  1:45:07 0 [Note] InnoDB: Loading buffer pool(s) from C:\xampp\mysql\data\ib_buffer_pool
2022-08-29  1:45:07 0 [Note] Plugin 'FEEDBACK' is disabled.
2022-08-29  1:45:07 0 [Note] Server socket created on IP: '::'.
2022-11-04 18:42:16 0 [Note] InnoDB: Mutexes and rw_locks use Windows interlocked functions
2022-11-04 18:42:16 0 [Note] InnoDB: Uses event mutexes
2022-11-04 18:42:16 0 [Note] InnoDB: Compressed tables use zlib 1.2.11
2022-11-04 18:42:16 0 [Note] InnoDB: Number of pools: 1
2022-11-04 18:42:16 0 [Note] InnoDB: Using SSE2 crc32 instructions
2022-11-04 18:42:16 0 [Note] InnoDB: Initializing buffer pool, total size = 16M, instances = 1, chunk size = 16M
2022-11-04 18:42:16 0 [Note] InnoDB: Completed initialization of buffer pool
2022-11-04 18:42:16 0 [Note] InnoDB: Starting crash recovery from checkpoint LSN=575886
2022-11-04 18:42:16 0 [Note] InnoDB: 128 out of 128 rollback segments are active.
2022-11-04 18:42:16 0 [Note] InnoDB: Removed temporary tablespace data file: "ibtmp1"
2022-11-04 18:42:16 0 [Note] InnoDB: Creating shared tablespace for temporary tables
2022-11-04 18:42:16 0 [Note] InnoDB: Setting file 'C:\xampp\mysql\data\ibtmp1' size to 12 MB. Physically writing the file full; Please wait ...
2022-11-04 18:42:16 0 [Note] InnoDB: File 'C:\xampp\mysql\data\ibtmp1' size is now 12 MB.
2022-11-04 18:42:16 0 [Note] InnoDB: Waiting for purge to start
2022-11-04 18:42:16 0 [Note] InnoDB: 10.4.20 started; log sequence number 575895; transaction id 904
2022-11-04 18:42:16 0 [Note] InnoDB: Loading buffer pool(s) from C:\xampp\mysql\data\ib_buffer_pool
2022-11-04 18:42:16 0 [Note] Plugin 'FEEDBACK' is disabled.
2022-11-04 18:42:16 0 [Note] InnoDB: Buffer pool(s) load completed at 221104 18:42:16
2022-11-04 18:42:16 0 [Note] Server socket created on IP: '::'.
2022-11-04 19:36:55 0 [Note] InnoDB: Mutexes and rw_locks use Windows interlocked functions
2022-11-04 19:36:55 0 [Note] InnoDB: Uses event mutexes
2022-11-04 19:36:55 0 [Note] InnoDB: Compressed tables use zlib 1.2.11
2022-11-04 19:36:55 0 [Note] InnoDB: Number of pools: 1
2022-11-04 19:36:55 0 [Note] InnoDB: Using SSE2 crc32 instructions
2022-11-04 19:36:55 0 [Note] InnoDB: Initializing buffer pool, total size = 16M, instances = 1, chunk size = 16M
2022-11-04 19:36:55 0 [Note] InnoDB: Completed initialization of buffer pool
2022-11-04 19:36:55 0 [Note] InnoDB: Starting crash recovery from checkpoint LSN=575904
2022-11-04 19:36:55 0 [Note] InnoDB: 128 out of 128 rollback segments are active.
2022-11-04 19:36:55 0 [Note] InnoDB: Removed temporary tablespace data file: "ibtmp1"
2022-11-04 19:36:55 0 [Note] InnoDB: Creating shared tablespace for temporary tables
2022-11-04 19:36:55 0 [Note] InnoDB: Setting file 'C:\xampp\mysql\data\ibtmp1' size to 12 MB. Physically writing the file full; Please wait ...
2022-11-04 19:36:55 0 [Note] InnoDB: File 'C:\xampp\mysql\data\ibtmp1' size is now 12 MB.
2022-11-04 19:36:55 0 [Note] InnoDB: Waiting for purge to start
2022-11-04 19:36:55 0 [Note] InnoDB: 10.4.20 started; log sequence number 575913; transaction id 904
2022-11-04 19:36:55 0 [Note] InnoDB: Loading buffer pool(s) from C:\xampp\mysql\data\ib_buffer_pool
2022-11-04 19:36:55 0 [Note] Plugin 'FEEDBACK' is disabled.
2022-11-04 19:36:55 0 [Note] Server socket created on IP: '::'.
2022-11-16 17:56:37 0 [Note] InnoDB: Mutexes and rw_locks use Windows interlocked functions
2022-11-16 17:56:37 0 [Note] InnoDB: Uses event mutexes
2022-11-16 17:56:37 0 [Note] InnoDB: Compressed tables use zlib 1.2.11
2022-11-16 17:56:37 0 [Note] InnoDB: Number of pools: 1
2022-11-16 17:56:38 0 [Note] InnoDB: Using SSE2 crc32 instructions
2022-11-16 17:56:38 0 [Note] InnoDB: Initializing buffer pool, total size = 16M, instances = 1, chunk size = 16M
2022-11-16 17:56:38 0 [Note] InnoDB: Completed initialization of buffer pool
2022-11-16 17:56:38 0 [Note] InnoDB: Starting crash recovery from checkpoint LSN=575922
2022-11-16 17:56:38 0 [Note] InnoDB: 128 out of 128 rollback segments are active.
2022-11-16 17:56:38 0 [Note] InnoDB: Removed temporary tablespace data file: "ibtmp1"
2022-11-16 17:56:38 0 [Note] InnoDB: Creating shared tablespace for temporary tables
2022-11-16 17:56:38 0 [Note] InnoDB: Setting file 'C:\xampp\mysql\data\ibtmp1' size to 12 MB. Physically writing the file full; Please wait ...
2022-11-16 17:56:38 0 [Note] InnoDB: File 'C:\xampp\mysql\data\ibtmp1' size is now 12 MB.
2022-11-16 17:56:38 0 [Note] InnoDB: Waiting for purge to start
2022-11-16 17:56:38 0 [Note] InnoDB: 10.4.20 started; log sequence number 575931; transaction id 904
2022-11-16 17:56:38 0 [Note] InnoDB: Loading buffer pool(s) from C:\xampp\mysql\data\ib_buffer_pool
2022-11-16 17:56:38 0 [Note] Plugin 'FEEDBACK' is disabled.
2022-11-16 17:56:38 0 [Note] InnoDB: Buffer pool(s) load completed at 221116 17:56:38
2022-11-16 17:56:38 0 [Note] Server socket created on IP: '::'.
2022-11-16 18:25:54 0 [Note] InnoDB: Mutexes and rw_locks use Windows interlocked functions
2022-11-16 18:25:54 0 [Note] InnoDB: Uses event mutexes
2022-11-16 18:25:54 0 [Note] InnoDB: Compressed tables use zlib 1.2.11
2022-11-16 18:25:54 0 [Note] InnoDB: Number of pools: 1
2022-11-16 18:25:54 0 [Note] InnoDB: Using SSE2 crc32 instructions
2022-11-16 18:25:54 0 [Note] InnoDB: Initializing buffer pool, total size = 16M, instances = 1, chunk size = 16M
2022-11-16 18:25:54 0 [Note] InnoDB: Completed initialization of buffer pool
2022-11-16 18:25:54 0 [Note] InnoDB: Starting crash recovery from checkpoint LSN=575940
2022-11-16 18:25:55 0 [Note] InnoDB: 128 out of 128 rollback segments are active.
2022-11-16 18:25:55 0 [Note] InnoDB: Removed temporary tablespace data file: "ibtmp1"
2022-11-16 18:25:55 0 [Note] InnoDB: Creating shared tablespace for temporary tables
2022-11-16 18:25:55 0 [Note] InnoDB: Setting file 'C:\xampp\mysql\data\ibtmp1' size to 12 MB. Physically writing the file full; Please wait ...
2022-11-16 18:25:55 0 [Note] InnoDB: File 'C:\xampp\mysql\data\ibtmp1' size is now 12 MB.
2022-11-16 18:25:55 0 [Note] InnoDB: Waiting for purge to start
2022-11-16 18:25:55 0 [Note] InnoDB: 10.4.20 started; log sequence number 575949; transaction id 904
2022-11-16 18:25:55 0 [Note] InnoDB: Loading buffer pool(s) from C:\xampp\mysql\data\ib_buffer_pool
2022-11-16 18:25:55 0 [Note] Plugin 'FEEDBACK' is disabled.
2022-11-16 18:25:55 0 [Note] Server socket created on IP: '::'.
2022-11-16 19:02:43 0 [Note] InnoDB: Mutexes and rw_locks use Windows interlocked functions
2022-11-16 19:02:43 0 [Note] InnoDB: Uses event mutexes
2022-11-16 19:02:43 0 [Note] InnoDB: Compressed tables use zlib 1.2.11
2022-11-16 19:02:43 0 [Note] InnoDB: Number of pools: 1
2022-11-16 19:02:43 0 [Note] InnoDB: Using SSE2 crc32 instructions
2022-11-16 19:02:43 0 [Note] InnoDB: Initializing buffer pool, total size = 16M, instances = 1, chunk size = 16M
2022-11-16 19:02:43 0 [Note] InnoDB: Completed initialization of buffer pool
2022-11-16 19:02:43 0 [Note] InnoDB: Starting crash recovery from checkpoint LSN=575958
2022-11-16 19:02:43 0 [Note] InnoDB: 128 out of 128 rollback segments are active.
2022-11-16 19:02:43 0 [Note] InnoDB: Removed temporary tablespace data file: "ibtmp1"
2022-11-16 19:02:43 0 [Note] InnoDB: Creating shared tablespace for temporary tables
2022-11-16 19:02:43 0 [Note] InnoDB: Setting file 'C:\xampp\mysql\data\ibtmp1' size to 12 MB. Physically writing the file full; Please wait ...
2022-11-16 19:02:43 0 [Note] InnoDB: File 'C:\xampp\mysql\data\ibtmp1' size is now 12 MB.
2022-11-16 19:02:43 0 [Note] InnoDB: Waiting for purge to start
2022-11-16 19:02:43 0 [Note] InnoDB: 10.4.20 started; log sequence number 575967; transaction id 904
2022-11-16 19:02:43 0 [Note] InnoDB: Loading buffer pool(s) from C:\xampp\mysql\data\ib_buffer_pool
2022-11-16 19:02:43 0 [Note] Plugin 'FEEDBACK' is disabled.
2022-11-16 19:02:44 0 [Note] Server socket created on IP: '::'.
2022-11-16 19:16:56 0 [Note] InnoDB: Mutexes and rw_locks use Windows interlocked functions
2022-11-16 19:16:56 0 [Note] InnoDB: Uses event mutexes
2022-11-16 19:16:56 0 [Note] InnoDB: Compressed tables use zlib 1.2.11
2022-11-16 19:16:56 0 [Note] InnoDB: Number of pools: 1
2022-11-16 19:16:56 0 [Note] InnoDB: Using SSE2 crc32 instructions
2022-11-16 19:16:56 0 [Note] InnoDB: Initializing buffer pool, total size = 16M, instances = 1, chunk size = 16M
2022-11-16 19:16:56 0 [Note] InnoDB: Completed initialization of buffer pool
2022-11-16 19:16:56 0 [Note] InnoDB: Starting crash recovery from checkpoint LSN=575976
2022-11-16 19:16:57 0 [Note] InnoDB: 128 out of 128 rollback segments are active.
2022-11-16 19:16:57 0 [Note] InnoDB: Removed temporary tablespace data file: "ibtmp1"
2022-11-16 19:16:57 0 [Note] InnoDB: Creating shared tablespace for temporary tables
2022-11-16 19:16:57 0 [Note] InnoDB: Setting file 'C:\xampp\mysql\data\ibtmp1' size to 12 MB. Physically writing the file full; Please wait ...
2022-11-16 19:16:57 0 [Note] InnoDB: File 'C:\xampp\mysql\data\ibtmp1' size is now 12 MB.
2022-11-16 19:16:57 0 [Note] InnoDB: Waiting for purge to start
2022-11-16 19:16:57 0 [Note] InnoDB: 10.4.20 started; log sequence number 575985; transaction id 904
2022-11-16 19:16:57 0 [Note] InnoDB: Loading buffer pool(s) from C:\xampp\mysql\data\ib_buffer_pool
2022-11-16 19:16:57 0 [Note] Plugin 'FEEDBACK' is disabled.
2022-11-16 19:16:57 0 [Note] Server socket created on IP: '::'.
2022-11-16 19:16:57 0 [Note] InnoDB: Buffer pool(s) load completed at 221116 19:16:57
2022-11-16 19:16:57 0 [Note] Reading of all Master_info entries succeeded
2022-11-16 19:16:57 0 [Note] Added new Master_info '' to hash table
2022-11-16 19:16:57 0 [Note] mysql\bin\mysqld.exe: ready for connections.
Version: '10.4.20-MariaDB'  socket: ''  port: 3306  mariadb.org binary distribution
2022-11-16 19:17:09 0 [ERROR] InnoDB: The innodb_system data file 'ibdata1' must be writable
2022-11-16 19:17:09 0 [ERROR] InnoDB: The innodb_system data file 'ibdata1' must be writable
2022-11-16 19:17:09 0 [ERROR] Plugin 'InnoDB' init function returned error.
2022-11-16 19:17:09 0 [ERROR] Plugin 'InnoDB' registration as a STORAGE ENGINE failed.
2022-11-16 19:17:09 0 [Note] Plugin 'FEEDBACK' is disabled.
2022-11-16 19:17:09 0 [ERROR] Unknown/unsupported storage engine: InnoDB
2022-11-16 19:17:09 0 [ERROR] Aborting
2022-11-16 19:33:32 0 [Note] InnoDB: Mutexes and rw_locks use Windows interlocked functions
2022-11-16 19:33:32 0 [Note] InnoDB: Uses event mutexes
2022-11-16 19:33:32 0 [Note] InnoDB: Compressed tables use zlib 1.2.11
2022-11-16 19:33:32 0 [Note] InnoDB: Number of pools: 1
2022-11-16 19:33:32 0 [Note] InnoDB: Using SSE2 crc32 instructions
2022-11-16 19:33:32 0 [Note] InnoDB: Initializing buffer pool, total size = 16M, instances = 1, chunk size = 16M
2022-11-16 19:33:32 0 [Note] InnoDB: Completed initialization of buffer pool
2022-11-16 19:33:32 0 [Note] InnoDB: Starting crash recovery from checkpoint LSN=576019
2022-11-16 19:33:33 0 [Note] InnoDB: 128 out of 128 rollback segments are active.
2022-11-16 19:33:33 0 [Note] InnoDB: Removed temporary tablespace data file: "ibtmp1"
2022-11-16 19:33:33 0 [Note] InnoDB: Creating shared tablespace for temporary tables
2022-11-16 19:33:33 0 [Note] InnoDB: Setting file 'C:\xampp\mysql\data\ibtmp1' size to 12 MB. Physically writing the file full; Please wait ...
2022-11-16 19:33:33 0 [Note] InnoDB: File 'C:\xampp\mysql\data\ibtmp1' size is now 12 MB.
2022-11-16 19:33:33 0 [Note] InnoDB: Waiting for purge to start
2022-11-16 19:33:33 0 [Note] InnoDB: 10.4.20 started; log sequence number 576028; transaction id 904
2022-11-16 19:33:33 0 [Note] InnoDB: Loading buffer pool(s) from C:\xampp\mysql\data\ib_buffer_pool
2022-11-16 19:33:33 0 [Note] Plugin 'FEEDBACK' is disabled.
2022-11-16 19:33:33 0 [Note] Server socket created on IP: '::'.
2022-11-16 19:33:33 0 [Note] InnoDB: Buffer pool(s) load completed at 221116 19:33:33
2022-11-16 19:33:33 0 [Note] Reading of all Master_info entries succeeded
2022-11-16 19:33:33 0 [Note] Added new Master_info '' to hash table
2022-11-16 19:33:33 0 [Note] mysql\bin\mysqld.exe: ready for connections.
Version: '10.4.20-MariaDB'  socket: ''  port: 3306  mariadb.org binary distribution
2022-11-16 19:34:00 0 [Note] InnoDB: Mutexes and rw_locks use Windows interlocked functions
2022-11-16 19:34:00 0 [Note] InnoDB: Uses event mutexes
2022-11-16 19:34:00 0 [Note] InnoDB: Compressed tables use zlib 1.2.11
2022-11-16 19:34:00 0 [Note] InnoDB: Number of pools: 1
2022-11-16 19:34:00 0 [Note] InnoDB: Using SSE2 crc32 instructions
2022-11-16 19:34:00 0 [Note] InnoDB: Initializing buffer pool, total size = 16M, instances = 1, chunk size = 16M
2022-11-16 19:34:00 0 [Note] InnoDB: Completed initialization of buffer pool
2022-11-16 19:34:00 0 [Note] InnoDB: Starting crash recovery from checkpoint LSN=576037
2022-11-16 19:34:01 0 [Note] InnoDB: 128 out of 128 rollback segments are active.
2022-11-16 19:34:01 0 [Note] InnoDB: Removed temporary tablespace data file: "ibtmp1"
2022-11-16 19:34:01 0 [Note] InnoDB: Creating shared tablespace for temporary tables
2022-11-16 19:34:01 0 [Note] InnoDB: Setting file 'C:\xampp\mysql\data\ibtmp1' size to 12 MB. Physically writing the file full; Please wait ...
2022-11-16 19:34:01 0 [Note] InnoDB: File 'C:\xampp\mysql\data\ibtmp1' size is now 12 MB.
2022-11-16 19:34:01 0 [Note] InnoDB: Waiting for purge to start
2022-11-16 19:34:01 0 [Note] InnoDB: 10.4.20 started; log sequence number 576046; transaction id 904
2022-11-16 19:34:01 0 [Note] InnoDB: Loading buffer pool(s) from C:\xampp\mysql\data\ib_buffer_pool
2022-11-16 19:34:01 0 [Note] Plugin 'FEEDBACK' is disabled.
2022-11-16 19:34:01 0 [Note] Server socket created on IP: '::'.
2022-11-16 19:34:01 0 [Note] InnoDB: Buffer pool(s) load completed at 221116 19:34:01
2022-11-16 19:34:01 0 [Note] Reading of all Master_info entries succeeded
2022-11-16 19:34:01 0 [Note] Added new Master_info '' to hash table
2022-11-16 19:34:01 0 [Note] mysql\bin\mysqld.exe: ready for connections.
Version: '10.4.20-MariaDB'  socket: ''  port: 3306  mariadb.org binary distribution
2022-11-16 19:34:12 0 [ERROR] InnoDB: The innodb_system data file 'ibdata1' must be writable
2022-11-16 19:34:12 0 [ERROR] InnoDB: The innodb_system data file 'ibdata1' must be writable
2022-11-16 19:34:12 0 [ERROR] Plugin 'InnoDB' init function returned error.
2022-11-16 19:34:12 0 [ERROR] Plugin 'InnoDB' registration as a STORAGE ENGINE failed.
2022-11-16 19:34:12 0 [Note] Plugin 'FEEDBACK' is disabled.
2022-11-16 19:34:12 0 [ERROR] Unknown/unsupported storage engine: InnoDB
2022-11-16 19:34:12 0 [ERROR] Aborting
2022-11-16 19:34:24 0 [ERROR] InnoDB: The innodb_system data file 'ibdata1' must be writable
2022-11-16 19:34:24 0 [ERROR] InnoDB: The innodb_system data file 'ibdata1' must be writable
2022-11-16 19:34:24 0 [ERROR] Plugin 'InnoDB' init function returned error.
2022-11-16 19:34:24 0 [ERROR] Plugin 'InnoDB' registration as a STORAGE ENGINE failed.
2022-11-16 19:34:24 0 [Note] Plugin 'FEEDBACK' is disabled.
2022-11-16 19:34:24 0 [ERROR] Unknown/unsupported storage engine: InnoDB
2022-11-16 19:34:24 0 [ERROR] Aborting
2022-11-16 20:06:21 0 [Note] InnoDB: Mutexes and rw_locks use Windows interlocked functions
2022-11-16 20:06:21 0 [Note] InnoDB: Uses event mutexes
2022-11-16 20:06:21 0 [Note] InnoDB: Compressed tables use zlib 1.2.11
2022-11-16 20:06:21 0 [Note] InnoDB: Number of pools: 1
2022-11-16 20:06:21 0 [Note] InnoDB: Using SSE2 crc32 instructions
2022-11-16 20:06:21 0 [Note] InnoDB: Initializing buffer pool, total size = 16M, instances = 1, chunk size = 16M
2022-11-16 20:06:21 0 [Note] InnoDB: Completed initialization of buffer pool
2022-11-16 20:06:21 0 [Note] InnoDB: Starting crash recovery from checkpoint LSN=576055
2022-11-16 20:06:21 0 [Note] InnoDB: 128 out of 128 rollback segments are active.
2022-11-16 20:06:21 0 [Note] InnoDB: Removed temporary tablespace data file: "ibtmp1"
2022-11-16 20:06:21 0 [Note] InnoDB: Creating shared tablespace for temporary tables
2022-11-16 20:06:21 0 [Note] InnoDB: Setting file 'C:\xampp\mysql\data\ibtmp1' size to 12 MB. Physically writing the file full; Please wait ...
2022-11-16 20:06:21 0 [Note] InnoDB: File 'C:\xampp\mysql\data\ibtmp1' size is now 12 MB.
2022-11-16 20:06:21 0 [Note] InnoDB: Waiting for purge to start
2022-11-16 20:06:21 0 [Note] InnoDB: 10.4.20 started; log sequence number 576064; transaction id 904
2022-11-16 20:06:21 0 [Note] InnoDB: Loading buffer pool(s) from C:\xampp\mysql\data\ib_buffer_pool
2022-11-16 20:06:21 0 [Note] Plugin 'FEEDBACK' is disabled.
2022-11-16 20:06:21 0 [Note] InnoDB: Buffer pool(s) load completed at 221116 20:06:21
2022-11-16 20:06:21 0 [Note] Server socket created on IP: '::'.
2022-11-17 17:04:03 0 [Note] InnoDB: Mutexes and rw_locks use Windows interlocked functions
2022-11-17 17:04:03 0 [Note] InnoDB: Uses event mutexes
2022-11-17 17:04:03 0 [Note] InnoDB: Compressed tables use zlib 1.2.11
2022-11-17 17:04:03 0 [Note] InnoDB: Number of pools: 1
2022-11-17 17:04:03 0 [Note] InnoDB: Using SSE2 crc32 instructions
2022-11-17 17:04:03 0 [Note] InnoDB: Initializing buffer pool, total size = 16M, instances = 1, chunk size = 16M
2022-11-17 17:04:03 0 [Note] InnoDB: Completed initialization of buffer pool
2022-11-17 17:04:03 0 [Note] InnoDB: Starting crash recovery from checkpoint LSN=928798
2022-11-17 17:04:03 0 [Note] InnoDB: 128 out of 128 rollback segments are active.
2022-11-17 17:04:03 0 [Note] InnoDB: Removed temporary tablespace data file: "ibtmp1"
2022-11-17 17:04:03 0 [Note] InnoDB: Creating shared tablespace for temporary tables
2022-11-17 17:04:03 0 [Note] InnoDB: Setting file 'C:\xampp\mysql\data\ibtmp1' size to 12 MB. Physically writing the file full; Please wait ...
2022-11-17 17:04:03 0 [Note] InnoDB: File 'C:\xampp\mysql\data\ibtmp1' size is now 12 MB.
2022-11-17 17:04:03 0 [Note] InnoDB: Waiting for purge to start
2022-11-17 17:04:03 0 [Note] InnoDB: 10.4.20 started; log sequence number 928807; transaction id 1154
2022-11-17 17:04:03 0 [Note] InnoDB: Loading buffer pool(s) from C:\xampp\mysql\data\ib_buffer_pool
2022-11-17 17:04:03 0 [Note] Plugin 'FEEDBACK' is disabled.
2022-11-17 17:04:03 0 [Note] Server socket created on IP: '::'.
2023-01-29 19:07:57 0 [Note] InnoDB: Mutexes and rw_locks use Windows interlocked functions
2023-01-29 19:07:57 0 [Note] InnoDB: Uses event mutexes
2023-01-29 19:07:57 0 [Note] InnoDB: Compressed tables use zlib 1.2.11
2023-01-29 19:07:57 0 [Note] InnoDB: Number of pools: 1
2023-01-29 19:07:57 0 [Note] InnoDB: Using SSE2 crc32 instructions
2023-01-29 19:07:57 0 [Note] InnoDB: Initializing buffer pool, total size = 16M, instances = 1, chunk size = 16M
2023-01-29 19:07:57 0 [Note] InnoDB: Completed initialization of buffer pool
2023-01-29 19:07:57 0 [Note] InnoDB: Starting crash recovery from checkpoint LSN=930928
2023-01-29 19:07:58 0 [Note] InnoDB: 128 out of 128 rollback segments are active.
2023-01-29 19:07:58 0 [Note] InnoDB: Removed temporary tablespace data file: "ibtmp1"
2023-01-29 19:07:58 0 [Note] InnoDB: Creating shared tablespace for temporary tables
2023-01-29 19:07:58 0 [Note] InnoDB: Setting file 'C:\xampp\mysql\data\ibtmp1' size to 12 MB. Physically writing the file full; Please wait ...
2023-01-29 19:07:58 0 [Note] InnoDB: File 'C:\xampp\mysql\data\ibtmp1' size is now 12 MB.
2023-01-29 19:07:58 0 [Note] InnoDB: Waiting for purge to start
2023-01-29 19:07:58 0 [Note] InnoDB: 10.4.20 started; log sequence number 930937; transaction id 1191
2023-01-29 19:07:58 0 [Note] InnoDB: Loading buffer pool(s) from C:\xampp\mysql\data\ib_buffer_pool
2023-01-29 19:07:58 0 [Note] Plugin 'FEEDBACK' is disabled.
2023-01-29 19:07:58 0 [Note] InnoDB: Buffer pool(s) load completed at 230129 19:07:58
2023-01-29 19:07:58 0 [Note] Server socket created on IP: '::'.
2023-03-05 17:11:38 0 [Note] InnoDB: Mutexes and rw_locks use Windows interlocked functions
2023-03-05 17:11:38 0 [Note] InnoDB: Uses event mutexes
2023-03-05 17:11:38 0 [Note] InnoDB: Compressed tables use zlib 1.2.11
2023-03-05 17:11:38 0 [Note] InnoDB: Number of pools: 1
2023-03-05 17:11:38 0 [Note] InnoDB: Using SSE2 crc32 instructions
2023-03-05 17:11:38 0 [Note] InnoDB: Initializing buffer pool, total size = 16M, instances = 1, chunk size = 16M
2023-03-05 17:11:38 0 [Note] InnoDB: Completed initialization of buffer pool
2023-03-05 17:11:38 0 [Note] InnoDB: Starting crash recovery from checkpoint LSN=932898
2023-03-05 17:11:39 0 [Note] InnoDB: 128 out of 128 rollback segments are active.
2023-03-05 17:11:39 0 [Note] InnoDB: Removed temporary tablespace data file: "ibtmp1"
2023-03-05 17:11:39 0 [Note] InnoDB: Creating shared tablespace for temporary tables
2023-03-05 17:11:39 0 [Note] InnoDB: Setting file 'C:\xampp\mysql\data\ibtmp1' size to 12 MB. Physically writing the file full; Please wait ...
2023-03-05 17:11:39 0 [Note] InnoDB: File 'C:\xampp\mysql\data\ibtmp1' size is now 12 MB.
2023-03-05 17:11:39 0 [Note] InnoDB: Waiting for purge to start
2023-03-05 17:11:39 0 [Note] InnoDB: 10.4.20 started; log sequence number 932907; transaction id 1221
2023-03-05 17:11:39 0 [Note] InnoDB: Loading buffer pool(s) from C:\xampp\mysql\data\ib_buffer_pool
2023-03-05 17:11:39 0 [Note] Plugin 'FEEDBACK' is disabled.
2023-03-05 17:11:39 0 [Note] InnoDB: Buffer pool(s) load completed at 230305 17:11:39
2023-03-05 17:11:39 0 [Note] Server socket created on IP: '::'.
2023-03-23 16:27:35 0 [Note] InnoDB: Mutexes and rw_locks use Windows interlocked functions
2023-03-23 16:27:35 0 [Note] InnoDB: Uses event mutexes
2023-03-23 16:27:35 0 [Note] InnoDB: Compressed tables use zlib 1.2.11
2023-03-23 16:27:35 0 [Note] InnoDB: Number of pools: 1
2023-03-23 16:27:35 0 [Note] InnoDB: Using SSE2 crc32 instructions
2023-03-23 16:27:35 0 [Note] InnoDB: Initializing buffer pool, total size = 16M, instances = 1, chunk size = 16M
2023-03-23 16:27:35 0 [Note] InnoDB: Completed initialization of buffer pool
2023-03-23 16:27:35 0 [Note] InnoDB: Starting crash recovery from checkpoint LSN=932916
2023-03-23 16:27:35 0 [Note] InnoDB: 128 out of 128 rollback segments are active.
2023-03-23 16:27:35 0 [Note] InnoDB: Removed temporary tablespace data file: "ibtmp1"
2023-03-23 16:27:35 0 [Note] InnoDB: Creating shared tablespace for temporary tables
2023-03-23 16:27:35 0 [Note] InnoDB: Setting file 'C:\xampp\mysql\data\ibtmp1' size to 12 MB. Physically writing the file full; Please wait ...
2023-03-23 16:27:35 0 [Note] InnoDB: File 'C:\xampp\mysql\data\ibtmp1' size is now 12 MB.
2023-03-23 16:27:35 0 [Note] InnoDB: Waiting for purge to start
2023-03-23 16:27:35 0 [Note] InnoDB: 10.4.20 started; log sequence number 932925; transaction id 1221
2023-03-23 16:27:35 0 [Note] InnoDB: Loading buffer pool(s) from C:\xampp\mysql\data\ib_buffer_pool
2023-03-23 16:27:35 0 [Note] Plugin 'FEEDBACK' is disabled.
2023-03-23 16:27:35 0 [Note] InnoDB: Buffer pool(s) load completed at 230323 16:27:35
2023-03-23 16:27:35 0 [Note] Server socket created on IP: '::'.
2023-04-04 16:12:42 0 [Note] InnoDB: Mutexes and rw_locks use Windows interlocked functions
2023-04-04 16:12:42 0 [Note] InnoDB: Uses event mutexes
2023-04-04 16:12:42 0 [Note] InnoDB: Compressed tables use zlib 1.2.11
2023-04-04 16:12:42 0 [Note] InnoDB: Number of pools: 1
2023-04-04 16:12:42 0 [Note] InnoDB: Using SSE2 crc32 instructions
2023-04-04 16:12:42 0 [Note] InnoDB: Initializing buffer pool, total size = 16M, instances = 1, chunk size = 16M
2023-04-04 16:12:42 0 [Note] InnoDB: Completed initialization of buffer pool
2023-04-04 16:12:42 0 [Note] InnoDB: Starting crash recovery from checkpoint LSN=940881
2023-04-04 16:12:42 0 [Note] InnoDB: 128 out of 128 rollback segments are active.
2023-04-04 16:12:42 0 [Note] InnoDB: Removed temporary tablespace data file: "ibtmp1"
2023-04-04 16:12:42 0 [Note] InnoDB: Creating shared tablespace for temporary tables
2023-04-04 16:12:42 0 [Note] InnoDB: Setting file 'C:\xampp\mysql\data\ibtmp1' size to 12 MB. Physically writing the file full; Please wait ...
2023-04-04 16:12:42 0 [Note] InnoDB: File 'C:\xampp\mysql\data\ibtmp1' size is now 12 MB.
2023-04-04 16:12:42 0 [Note] InnoDB: Waiting for purge to start
2023-04-04 16:12:42 0 [Note] InnoDB: 10.4.20 started; log sequence number 940890; transaction id 1267
2023-04-04 16:12:42 0 [Note] InnoDB: Loading buffer pool(s) from C:\xampp\mysql\data\ib_buffer_pool
2023-04-04 16:12:42 0 [Note] Plugin 'FEEDBACK' is disabled.
2023-04-04 16:12:42 0 [Note] InnoDB: Buffer pool(s) load completed at 230404 16:12:42
2023-04-04 16:12:42 0 [Note] Server socket created on IP: '::'.
2023-04-11 17:09:36 0 [Note] InnoDB: Mutexes and rw_locks use Windows interlocked functions
2023-04-11 17:09:36 0 [Note] InnoDB: Uses event mutexes
2023-04-11 17:09:36 0 [Note] InnoDB: Compressed tables use zlib 1.2.11
2023-04-11 17:09:36 0 [Note] InnoDB: Number of pools: 1
2023-04-11 17:09:36 0 [Note] InnoDB: Using SSE2 crc32 instructions
2023-04-11 17:09:36 0 [Note] InnoDB: Initializing buffer pool, total size = 16M, instances = 1, chunk size = 16M
2023-04-11 17:09:36 0 [Note] InnoDB: Completed initialization of buffer pool
2023-04-11 17:09:36 0 [Note] InnoDB: Starting crash recovery from checkpoint LSN=948009
2023-04-11 17:09:36 0 [Note] InnoDB: 128 out of 128 rollback segments are active.
2023-04-11 17:09:36 0 [Note] InnoDB: Removed temporary tablespace data file: "ibtmp1"
2023-04-11 17:09:36 0 [Note] InnoDB: Creating shared tablespace for temporary tables
2023-04-11 17:09:36 0 [Note] InnoDB: Setting file 'C:\xampp\mysql\data\ibtmp1' size to 12 MB. Physically writing the file full; Please wait ...
2023-04-11 17:09:36 0 [Note] InnoDB: File 'C:\xampp\mysql\data\ibtmp1' size is now 12 MB.
2023-04-11 17:09:36 0 [Note] InnoDB: Waiting for purge to start
2023-04-11 17:09:37 0 [Note] InnoDB: 10.4.20 started; log sequence number 948018; transaction id 1310
2023-04-11 17:09:37 0 [Note] InnoDB: Loading buffer pool(s) from C:\xampp\mysql\data\ib_buffer_pool
2023-04-11 17:09:37 0 [Note] Plugin 'FEEDBACK' is disabled.
2023-04-11 17:09:37 0 [Note] Server socket created on IP: '::'.
2023-04-11 17:09:37 0 [Note] InnoDB: Buffer pool(s) load completed at 230411 17:09:37
2023-04-18  9:53:50 0 [Note] InnoDB: Mutexes and rw_locks use Windows interlocked functions
2023-04-18  9:53:50 0 [Note] InnoDB: Uses event mutexes
2023-04-18  9:53:50 0 [Note] InnoDB: Compressed tables use zlib 1.2.11
2023-04-18  9:53:50 0 [Note] InnoDB: Number of pools: 1
2023-04-18  9:53:50 0 [Note] InnoDB: Using SSE2 crc32 instructions
2023-04-18  9:53:50 0 [Note] InnoDB: Initializing buffer pool, total size = 16M, instances = 1, chunk size = 16M
2023-04-18  9:53:50 0 [Note] InnoDB: Completed initialization of buffer pool
2023-04-18  9:53:50 0 [Note] InnoDB: Starting crash recovery from checkpoint LSN=948314
2023-04-18  9:53:50 0 [Note] InnoDB: 128 out of 128 rollback segments are active.
2023-04-18  9:53:50 0 [Note] InnoDB: Removed temporary tablespace data file: "ibtmp1"
2023-04-18  9:53:50 0 [Note] InnoDB: Creating shared tablespace for temporary tables
2023-04-18  9:53:50 0 [Note] InnoDB: Setting file 'C:\xampp\mysql\data\ibtmp1' size to 12 MB. Physically writing the file full; Please wait ...
2023-04-18  9:53:50 0 [Note] InnoDB: File 'C:\xampp\mysql\data\ibtmp1' size is now 12 MB.
2023-04-18  9:53:50 0 [Note] InnoDB: Waiting for purge to start
2023-04-18  9:53:50 0 [Note] InnoDB: 10.4.20 started; log sequence number 948323; transaction id 1315
2023-04-18  9:53:50 0 [Note] InnoDB: Loading buffer pool(s) from C:\xampp\mysql\data\ib_buffer_pool
2023-04-18  9:53:50 0 [Note] Plugin 'FEEDBACK' is disabled.
2023-04-18  9:53:50 0 [Note] InnoDB: Buffer pool(s) load completed at 230418  9:53:50
2023-04-18  9:53:50 0 [Note] Server socket created on IP: '::'.
2023-04-20  9:53:48 0 [Note] InnoDB: Mutexes and rw_locks use Windows interlocked functions
2023-04-20  9:53:48 0 [Note] InnoDB: Uses event mutexes
2023-04-20  9:53:48 0 [Note] InnoDB: Compressed tables use zlib 1.2.11
2023-04-20  9:53:48 0 [Note] InnoDB: Number of pools: 1
2023-04-20  9:53:48 0 [Note] InnoDB: Using SSE2 crc32 instructions
2023-04-20  9:53:48 0 [Note] InnoDB: Initializing buffer pool, total size = 16M, instances = 1, chunk size = 16M
2023-04-20  9:53:48 0 [Note] InnoDB: Completed initialization of buffer pool
2023-04-20  9:53:48 0 [Note] InnoDB: Starting crash recovery from checkpoint LSN=960344
2023-04-20  9:53:48 0 [Note] InnoDB: 128 out of 128 rollback segments are active.
2023-04-20  9:53:48 0 [Note] InnoDB: Removed temporary tablespace data file: "ibtmp1"
2023-04-20  9:53:48 0 [Note] InnoDB: Creating shared tablespace for temporary tables
2023-04-20  9:53:48 0 [Note] InnoDB: Setting file 'C:\xampp\mysql\data\ibtmp1' size to 12 MB. Physically writing the file full; Please wait ...
2023-04-20  9:53:48 0 [Note] InnoDB: File 'C:\xampp\mysql\data\ibtmp1' size is now 12 MB.
2023-04-20  9:53:48 0 [Note] InnoDB: Waiting for purge to start
2023-04-20  9:53:49 0 [Note] InnoDB: 10.4.20 started; log sequence number 960353; transaction id 1359
2023-04-20  9:53:49 0 [Note] InnoDB: Loading buffer pool(s) from C:\xampp\mysql\data\ib_buffer_pool
2023-04-20  9:53:49 0 [Note] Plugin 'FEEDBACK' is disabled.
2023-04-20  9:53:49 0 [Note] InnoDB: Buffer pool(s) load completed at 230420  9:53:49
2023-04-20  9:53:49 0 [Note] Server socket created on IP: '::'.
2024-03-02 17:08:19 0 [Note] InnoDB: Mutexes and rw_locks use Windows interlocked functions
2024-03-02 17:08:19 0 [Note] InnoDB: Uses event mutexes
2024-03-02 17:08:19 0 [Note] InnoDB: Compressed tables use zlib 1.2.11
2024-03-02 17:08:19 0 [Note] InnoDB: Number of pools: 1
2024-03-02 17:08:19 0 [Note] InnoDB: Using SSE2 crc32 instructions
2024-03-02 17:08:19 0 [Note] InnoDB: Initializing buffer pool, total size = 16M, instances = 1, chunk size = 16M
2024-03-02 17:08:19 0 [Note] InnoDB: Completed initialization of buffer pool
2024-03-02 17:08:19 0 [Note] InnoDB: Starting crash recovery from checkpoint LSN=968666
2024-03-02 17:08:19 0 [Note] InnoDB: 128 out of 128 rollback segments are active.
2024-03-02 17:08:19 0 [Note] InnoDB: Removed temporary tablespace data file: "ibtmp1"
2024-03-02 17:08:19 0 [Note] InnoDB: Creating shared tablespace for temporary tables
2024-03-02 17:08:19 0 [Note] InnoDB: Setting file 'C:\xampp\mysql\data\ibtmp1' size to 12 MB. Physically writing the file full; Please wait ...
2024-03-02 17:08:19 0 [Note] InnoDB: File 'C:\xampp\mysql\data\ibtmp1' size is now 12 MB.
2024-03-02 17:08:19 0 [Note] InnoDB: Waiting for purge to start
2024-03-02 17:08:19 0 [Note] InnoDB: 10.4.20 started; log sequence number 968675; transaction id 1401
2024-03-02 17:08:19 0 [Note] InnoDB: Loading buffer pool(s) from C:\xampp\mysql\data\ib_buffer_pool
2024-03-02 17:08:19 0 [Note] Plugin 'FEEDBACK' is disabled.
2024-03-02 17:08:19 0 [Note] InnoDB: Buffer pool(s) load completed at 240302 17:08:19
2024-03-02 17:08:19 0 [Note] Server socket created on IP: '::'.
2024-03-03 16:15:02 0 [Note] InnoDB: Mutexes and rw_locks use Windows interlocked functions
2024-03-03 16:15:02 0 [Note] InnoDB: Uses event mutexes
2024-03-03 16:15:02 0 [Note] InnoDB: Compressed tables use zlib 1.2.11
2024-03-03 16:15:02 0 [Note] InnoDB: Number of pools: 1
2024-03-03 16:15:02 0 [Note] InnoDB: Using SSE2 crc32 instructions
2024-03-03 16:15:02 0 [Note] InnoDB: Initializing buffer pool, total size = 16M, instances = 1, chunk size = 16M
2024-03-03 16:15:02 0 [Note] InnoDB: Completed initialization of buffer pool
2024-03-03 16:15:02 0 [Note] InnoDB: Starting crash recovery from checkpoint LSN=970438
2024-03-03 16:15:03 0 [Note] InnoDB: 128 out of 128 rollback segments are active.
2024-03-03 16:15:03 0 [Note] InnoDB: Removed temporary tablespace data file: "ibtmp1"
2024-03-03 16:15:03 0 [Note] InnoDB: Creating shared tablespace for temporary tables
2024-03-03 16:15:03 0 [Note] InnoDB: Setting file 'C:\xampp\mysql\data\ibtmp1' size to 12 MB. Physically writing the file full; Please wait ...
2024-03-03 16:15:03 0 [Note] InnoDB: File 'C:\xampp\mysql\data\ibtmp1' size is now 12 MB.
2024-03-03 16:15:03 0 [Note] InnoDB: Waiting for purge to start
2024-03-03 16:15:03 0 [Note] InnoDB: 10.4.20 started; log sequence number 970447; transaction id 1433
2024-03-03 16:15:03 0 [Note] InnoDB: Loading buffer pool(s) from C:\xampp\mysql\data\ib_buffer_pool
2024-03-03 16:15:03 0 [Note] Plugin 'FEEDBACK' is disabled.
2024-03-03 16:15:03 0 [Note] InnoDB: Buffer pool(s) load completed at 240303 16:15:03
2024-03-03 16:15:03 0 [Note] Server socket created on IP: '::'.
2024-03-11 18:01:59 0 [Note] InnoDB: Mutexes and rw_locks use Windows interlocked functions
2024-03-11 18:01:59 0 [Note] InnoDB: Uses event mutexes
2024-03-11 18:01:59 0 [Note] InnoDB: Compressed tables use zlib 1.2.11
2024-03-11 18:01:59 0 [Note] InnoDB: Number of pools: 1
2024-03-11 18:01:59 0 [Note] InnoDB: Using SSE2 crc32 instructions
2024-03-11 18:01:59 0 [Note] InnoDB: Initializing buffer pool, total size = 16M, instances = 1, chunk size = 16M
2024-03-11 18:01:59 0 [Note] InnoDB: Completed initialization of buffer pool
2024-03-11 18:01:59 0 [Note] InnoDB: Starting crash recovery from checkpoint LSN=1097631
2024-03-11 18:02:00 0 [Note] InnoDB: 128 out of 128 rollback segments are active.
2024-03-11 18:02:00 0 [Note] InnoDB: Removed temporary tablespace data file: "ibtmp1"
2024-03-11 18:02:00 0 [Note] InnoDB: Creating shared tablespace for temporary tables
2024-03-11 18:02:00 0 [Note] InnoDB: Setting file 'C:\xampp\mysql\data\ibtmp1' size to 12 MB. Physically writing the file full; Please wait ...
2024-03-11 18:02:00 0 [Note] InnoDB: File 'C:\xampp\mysql\data\ibtmp1' size is now 12 MB.
2024-03-11 18:02:00 0 [Note] InnoDB: Waiting for purge to start
2024-03-11 18:02:00 0 [Note] InnoDB: 10.4.20 started; log sequence number 1097640; transaction id 1762
2024-03-11 18:02:00 0 [Note] InnoDB: Loading buffer pool(s) from C:\xampp\mysql\data\ib_buffer_pool
2024-03-11 18:02:00 0 [Note] Plugin 'FEEDBACK' is disabled.
2024-03-11 18:02:00 0 [Note] InnoDB: Buffer pool(s) load completed at 240311 18:02:00
2024-03-11 18:02:00 0 [Note] Server socket created on IP: '::'.
2024-03-12 15:55:18 0 [Note] InnoDB: Mutexes and rw_locks use Windows interlocked functions
2024-03-12 15:55:18 0 [Note] InnoDB: Uses event mutexes
2024-03-12 15:55:18 0 [Note] InnoDB: Compressed tables use zlib 1.2.11
2024-03-12 15:55:18 0 [Note] InnoDB: Number of pools: 1
2024-03-12 15:55:18 0 [Note] InnoDB: Using SSE2 crc32 instructions
2024-03-12 15:55:18 0 [Note] InnoDB: Initializing buffer pool, total size = 16M, instances = 1, chunk size = 16M
2024-03-12 15:55:18 0 [Note] InnoDB: Completed initialization of buffer pool
2024-03-12 15:55:18 0 [Note] InnoDB: Starting crash recovery from checkpoint LSN=1155600
2024-03-12 15:55:18 0 [Note] InnoDB: 128 out of 128 rollback segments are active.
2024-03-12 15:55:18 0 [Note] InnoDB: Removed temporary tablespace data file: "ibtmp1"
2024-03-12 15:55:18 0 [Note] InnoDB: Creating shared tablespace for temporary tables
2024-03-12 15:55:18 0 [Note] InnoDB: Setting file 'C:\xampp\mysql\data\ibtmp1' size to 12 MB. Physically writing the file full; Please wait ...
2024-03-12 15:55:18 0 [Note] InnoDB: File 'C:\xampp\mysql\data\ibtmp1' size is now 12 MB.
2024-03-12 15:55:18 0 [Note] InnoDB: Waiting for purge to start
2024-03-12 15:55:18 0 [Note] InnoDB: 10.4.20 started; log sequence number 1155609; transaction id 1946
2024-03-12 15:55:18 0 [Note] InnoDB: Loading buffer pool(s) from C:\xampp\mysql\data\ib_buffer_pool
2024-03-12 15:55:18 0 [Note] Plugin 'FEEDBACK' is disabled.
2024-03-12 15:55:18 0 [Note] InnoDB: Buffer pool(s) load completed at 240312 15:55:18
2024-03-12 15:55:18 0 [Note] Server socket created on IP: '::'.
2024-03-22 16:57:41 0 [Note] InnoDB: Mutexes and rw_locks use Windows interlocked functions
2024-03-22 16:57:41 0 [Note] InnoDB: Uses event mutexes
2024-03-22 16:57:41 0 [Note] InnoDB: Compressed tables use zlib 1.2.11
2024-03-22 16:57:41 0 [Note] InnoDB: Number of pools: 1
2024-03-22 16:57:41 0 [Note] InnoDB: Using SSE2 crc32 instructions
2024-03-22 16:57:41 0 [Note] InnoDB: Initializing buffer pool, total size = 16M, instances = 1, chunk size = 16M
2024-03-22 16:57:41 0 [Note] InnoDB: Completed initialization of buffer pool
2024-03-22 16:57:41 0 [Note] InnoDB: Starting crash recovery from checkpoint LSN=1185447
2024-03-22 16:57:42 0 [Note] InnoDB: 128 out of 128 rollback segments are active.
2024-03-22 16:57:42 0 [Note] InnoDB: Removed temporary tablespace data file: "ibtmp1"
2024-03-22 16:57:42 0 [Note] InnoDB: Creating shared tablespace for temporary tables
2024-03-22 16:57:42 0 [Note] InnoDB: Setting file 'C:\xampp\mysql\data\ibtmp1' size to 12 MB. Physically writing the file full; Please wait ...
2024-03-22 16:57:42 0 [Note] InnoDB: File 'C:\xampp\mysql\data\ibtmp1' size is now 12 MB.
2024-03-22 16:57:42 0 [Note] InnoDB: Waiting for purge to start
2024-03-22 16:57:42 0 [Note] InnoDB: 10.4.20 started; log sequence number 1185456; transaction id 2085
2024-03-22 16:57:42 0 [Note] InnoDB: Loading buffer pool(s) from C:\xampp\mysql\data\ib_buffer_pool
2024-03-22 16:57:42 0 [Note] Plugin 'FEEDBACK' is disabled.
2024-03-22 16:57:42 0 [Note] Server socket created on IP: '::'.
2024-03-23 15:35:15 0 [Note] InnoDB: Mutexes and rw_locks use Windows interlocked functions
2024-03-23 15:35:15 0 [Note] InnoDB: Uses event mutexes
2024-03-23 15:35:15 0 [Note] InnoDB: Compressed tables use zlib 1.2.11
2024-03-23 15:35:15 0 [Note] InnoDB: Number of pools: 1
2024-03-23 15:35:15 0 [Note] InnoDB: Using SSE2 crc32 instructions
2024-03-23 15:35:15 0 [Note] InnoDB: Initializing buffer pool, total size = 16M, instances = 1, chunk size = 16M
2024-03-23 15:35:15 0 [Note] InnoDB: Completed initialization of buffer pool
2024-03-23 15:35:15 0 [Note] InnoDB: Starting crash recovery from checkpoint LSN=1185465
2024-03-23 15:35:15 0 [Note] InnoDB: 128 out of 128 rollback segments are active.
2024-03-23 15:35:15 0 [Note] InnoDB: Removed temporary tablespace data file: "ibtmp1"
2024-03-23 15:35:15 0 [Note] InnoDB: Creating shared tablespace for temporary tables
2024-03-23 15:35:15 0 [Note] InnoDB: Setting file 'C:\xampp\mysql\data\ibtmp1' size to 12 MB. Physically writing the file full; Please wait ...
2024-03-23 15:35:15 0 [Note] InnoDB: File 'C:\xampp\mysql\data\ibtmp1' size is now 12 MB.
2024-03-23 15:35:15 0 [Note] InnoDB: Waiting for purge to start
2024-03-23 15:35:16 0 [Note] InnoDB: 10.4.20 started; log sequence number 1185474; transaction id 2085
2024-03-23 15:35:16 0 [Note] InnoDB: Loading buffer pool(s) from C:\xampp\mysql\data\ib_buffer_pool
2024-03-23 15:35:16 0 [Note] Plugin 'FEEDBACK' is disabled.
2024-03-23 15:35:16 0 [Note] InnoDB: Buffer pool(s) load completed at 240323 15:35:16
2024-03-23 15:35:16 0 [Note] Server socket created on IP: '::'.
2024-03-24 16:16:22 0 [Note] InnoDB: Mutexes and rw_locks use Windows interlocked functions
2024-03-24 16:16:22 0 [Note] InnoDB: Uses event mutexes
2024-03-24 16:16:22 0 [Note] InnoDB: Compressed tables use zlib 1.2.11
2024-03-24 16:16:22 0 [Note] InnoDB: Number of pools: 1
2024-03-24 16:16:22 0 [Note] InnoDB: Using SSE2 crc32 instructions
2024-03-24 16:16:22 0 [Note] InnoDB: Initializing buffer pool, total size = 16M, instances = 1, chunk size = 16M
2024-03-24 16:16:22 0 [Note] InnoDB: Completed initialization of buffer pool
2024-03-24 16:16:22 0 [Note] InnoDB: Starting crash recovery from checkpoint LSN=1193970
2024-03-24 16:16:23 0 [Note] InnoDB: 128 out of 128 rollback segments are active.
2024-03-24 16:16:23 0 [Note] InnoDB: Removed temporary tablespace data file: "ibtmp1"
2024-03-24 16:16:23 0 [Note] InnoDB: Creating shared tablespace for temporary tables
2024-03-24 16:16:23 0 [Note] InnoDB: Setting file 'C:\xampp\mysql\data\ibtmp1' size to 12 MB. Physically writing the file full; Please wait ...
2024-03-24 16:16:23 0 [Note] InnoDB: File 'C:\xampp\mysql\data\ibtmp1' size is now 12 MB.
2024-03-24 16:16:23 0 [Note] InnoDB: Waiting for purge to start
2024-03-24 16:16:23 0 [Note] InnoDB: 10.4.20 started; log sequence number 1193979; transaction id 2149
2024-03-24 16:16:23 0 [Note] InnoDB: Loading buffer pool(s) from C:\xampp\mysql\data\ib_buffer_pool
2024-03-24 16:16:23 0 [Note] Plugin 'FEEDBACK' is disabled.
2024-03-24 16:16:23 0 [Note] Server socket created on IP: '::'.
2024-03-24 16:16:23 02024-04-02 16:27:46 0 [Note] InnoDB: Mutexes and rw_locks use Windows interlocked functions
2024-04-02 16:27:46 0 [Note] InnoDB: Uses event mutexes
2024-04-02 16:27:46 0 [Note] InnoDB: Compressed tables use zlib 1.2.11
2024-04-02 16:27:46 0 [Note] InnoDB: Number of pools: 1
2024-04-02 16:27:46 0 [Note] InnoDB: Using SSE2 crc32 instructions
2024-04-02 16:27:46 0 [Note] InnoDB: Initializing buffer pool, total size = 16M, instances = 1, chunk size = 16M
2024-04-02 16:27:46 0 [Note] InnoDB: Completed initialization of buffer pool
2024-04-02 16:27:46 0 [Note] InnoDB: Starting crash recovery from checkpoint LSN=1195032
2024-04-02 16:27:46 0 [Note] InnoDB: 128 out of 128 rollback segments are active.
2024-04-02 16:27:46 0 [Note] InnoDB: Removed temporary tablespace data file: "ibtmp1"
2024-04-02 16:27:46 0 [Note] InnoDB: Creating shared tablespace for temporary tables
2024-04-02 16:27:46 0 [Note] InnoDB: Setting file 'C:\xampp\mysql\data\ibtmp1' size to 12 MB. Physically writing the file full; Please wait ...
2024-04-02 16:27:46 0 [Note] InnoDB: File 'C:\xampp\mysql\data\ibtmp1' size is now 12 MB.
2024-04-02 16:27:46 0 [Note] InnoDB: Waiting for purge to start
2024-04-02 16:27:46 0 [Note] InnoDB: 10.4.20 started; log sequence number 1195041; transaction id 2182
2024-04-02 16:27:46 0 [Note] InnoDB: Loading buffer pool(s) from C:\xampp\mysql\data\ib_buffer_pool
2024-04-02 16:27:46 0 [Note] Plugin 'FEEDBACK' is disabled.
2024-04-02 16:27:46 0 [Note] InnoDB: Buffer pool(s) load completed at 240402 16:27:46
2024-04-02 16:27:46 0 [Note] Server socket created on IP: '::'.
2024-04-03 16:24:26 0 [Note] InnoDB: Mutexes and rw_locks use Windows interlocked functions
2024-04-03 16:24:26 0 [Note] InnoDB: Uses event mutexes
2024-04-03 16:24:26 0 [Note] InnoDB: Compressed tables use zlib 1.2.11
2024-04-03 16:24:26 0 [Note] InnoDB: Number of pools: 1
2024-04-03 16:24:26 0 [Note] InnoDB: Using SSE2 crc32 instructions
2024-04-03 16:24:26 0 [Note] InnoDB: Initializing buffer pool, total size = 16M, instances = 1, chunk size = 16M
2024-04-03 16:24:26 0 [Note] InnoDB: Completed initialization of buffer pool
2024-04-03 16:24:26 0 [Note] InnoDB: Starting crash recovery from checkpoint LSN=1215590
2024-04-03 16:24:27 0 [Note] InnoDB: 128 out of 128 rollback segments are active.
2024-04-03 16:24:27 0 [Note] InnoDB: Removed temporary tablespace data file: "ibtmp1"
2024-04-03 16:24:27 0 [Note] InnoDB: Creating shared tablespace for temporary tables
2024-04-03 16:24:27 0 [Note] InnoDB: Setting file 'C:\xampp\mysql\data\ibtmp1' size to 12 MB. Physically writing the file full; Please wait ...
2024-04-03 16:24:27 0 [Note] InnoDB: File 'C:\xampp\mysql\data\ibtmp1' size is now 12 MB.
2024-04-03 16:24:27 0 [Note] InnoDB: Waiting for purge to start
2024-04-03 16:24:27 0 [Note] InnoDB: 10.4.20 started; log sequence number 1215599; transaction id 2267
2024-04-03 16:24:27 0 [Note] InnoDB: Loading buffer pool(s) from C:\xampp\mysql\data\ib_buffer_pool
2024-04-03 16:24:27 0 [Note] Plugin 'FEEDBACK' is disabled.
2024-04-03 16:24:27 0 [Note] Server socket created on IP: '::'.
2024-04-04 17:38:35 0 [Note] InnoDB: Mutexes and rw_locks use Windows interlocked functions
2024-04-04 17:38:35 0 [Note] InnoDB: Uses event mutexes
2024-04-04 17:38:35 0 [Note] InnoDB: Compressed tables use zlib 1.2.11
2024-04-04 17:38:35 0 [Note] InnoDB: Number of pools: 1
2024-04-04 17:38:35 0 [Note] InnoDB: Using SSE2 crc32 instructions
2024-04-04 17:38:35 0 [Note] InnoDB: Initializing buffer pool, total size = 16M, instances = 1, chunk size = 16M
2024-04-04 17:38:35 0 [Note] InnoDB: Completed initialization of buffer pool
2024-04-04 17:38:35 0 [Note] InnoDB: Starting crash recovery from checkpoint LSN=1218673
2024-04-04 17:38:35 0 [Note] InnoDB: 128 out of 128 rollback segments are active.
2024-04-04 17:38:35 0 [Note] InnoDB: Removed temporary tablespace data file: "ibtmp1"
2024-04-04 17:38:35 0 [Note] InnoDB: Creating shared tablespace for temporary tables
2024-04-04 17:38:35 0 [Note] InnoDB: Setting file 'C:\xampp\mysql\data\ibtmp1' size to 12 MB. Physically writing the file full; Please wait ...
2024-04-04 17:38:35 0 [Note] InnoDB: File 'C:\xampp\mysql\data\ibtmp1' size is now 12 MB.
2024-04-04 17:38:35 0 [Note] InnoDB: Waiting for purge to start
2024-04-04 17:38:35 0 [Note] InnoDB: 10.4.20 started; log sequence number 1218682; transaction id 2302
2024-04-04 17:38:35 0 [Note] InnoDB: Loading buffer pool(s) from C:\xampp\mysql\data\ib_buffer_pool
2024-04-04 17:38:35 0 [Note] Plugin 'FEEDBACK' is disabled.
2024-04-04 17:38:35 0 [Note] InnoDB: Buffer pool(s) load completed at 240404 17:38:35
2024-04-04 17:38:35 0 [Note] Server socket created on IP: '::'.
2024-04-06  0:11:12 0 [Note] InnoDB: Mutexes and rw_locks use Windows interlocked functions
2024-04-06  0:11:12 0 [Note] InnoDB: Uses event mutexes
2024-04-06  0:11:12 0 [Note] InnoDB: Compressed tables use zlib 1.2.11
2024-04-06  0:11:12 0 [Note] InnoDB: Number of pools: 1
2024-04-06  0:11:12 0 [Note] InnoDB: Using SSE2 crc32 instructions
2024-04-06  0:11:12 0 [Note] InnoDB: Initializing buffer pool, total size = 16M, instances = 1, chunk size = 16M
2024-04-06  0:11:12 0 [Note] InnoDB: Completed initialization of buffer pool
2024-04-06  0:11:12 0 [Note] InnoDB: Starting crash recovery from checkpoint LSN=1218691
2024-04-06  0:11:12 0 [Note] InnoDB: 128 out of 128 rollback segments are active.
2024-04-06  0:11:12 0 [Note] InnoDB: Removed temporary tablespace data file: "ibtmp1"
2024-04-06  0:11:12 0 [Note] InnoDB: Creating shared tablespace for temporary tables
2024-04-06  0:11:12 0 [Note] InnoDB: Setting file 'C:\xampp\mysql\data\ibtmp1' size to 12 MB. Physically writing the file full; Please wait ...
2024-04-06  0:11:12 0 [Note] InnoDB: File 'C:\xampp\mysql\data\ibtmp1' size is now 12 MB.
2024-04-06  0:11:12 0 [Note] InnoDB: Waiting for purge to start
2024-04-06  0:11:12 0 [Note] InnoDB: 10.4.20 started; log sequence number 1218700; transaction id 2302
2024-04-06  0:11:12 0 [Note] InnoDB: Loading buffer pool(s) from C:\xampp\mysql\data\ib_buffer_pool
2024-04-06  0:11:12 0 [Note] Plugin 'FEEDBACK' is disabled.
2024-04-06  0:11:12 0 [Note] InnoDB: Buffer pool(s) load completed at 240406  0:11:12
2024-04-06  0:11:12 0 [Note] Server socket created on IP: '::'.
2024-04-15 10:51:10 0 [Note] InnoDB: Mutexes and rw_locks use Windows interlocked functions
2024-04-15 10:51:10 0 [Note] InnoDB: Uses event mutexes
2024-04-15 10:51:10 0 [Note] InnoDB: Compressed tables use zlib 1.2.11
2024-04-15 10:51:10 0 [Note] InnoDB: Number of pools: 1
2024-04-15 10:51:10 0 [Note] InnoDB: Using SSE2 crc32 instructions
2024-04-15 10:51:10 0 [Note] InnoDB: Initializing buffer pool, total size = 16M, instances = 1, chunk size = 16M
2024-04-15 10:51:10 0 [Note] InnoDB: Completed initialization of buffer pool
2024-04-15 10:51:10 0 [Note] InnoDB: Starting crash recovery from checkpoint LSN=1218709
2024-04-15 10:51:10 0 [Note] InnoDB: 128 out of 128 rollback segments are active.
2024-04-15 10:51:10 0 [Note] InnoDB: Removed temporary tablespace data file: "ibtmp1"
2024-04-15 10:51:10 0 [Note] InnoDB: Creating shared tablespace for temporary tables
2024-04-15 10:51:10 0 [Note] InnoDB: Setting file 'C:\xampp\mysql\data\ibtmp1' size to 12 MB. Physically writing the file full; Please wait ...
2024-04-15 10:51:10 0 [Note] InnoDB: File 'C:\xampp\mysql\data\ibtmp1' size is now 12 MB.
2024-04-15 10:51:10 0 [Note] InnoDB: Waiting for purge to start
2024-04-15 10:51:10 0 [Note] InnoDB: 10.4.20 started; log sequence number 1218718; transaction id 2302
2024-04-15 10:51:10 0 [Note] InnoDB: Loading buffer pool(s) from C:\xampp\mysql\data\ib_buffer_pool
2024-04-15 10:51:10 0 [Note] Plugin 'FEEDBACK' is disabled.
2024-04-15 10:51:10 0 [Note] Server socket created on IP: '::'.
2024-05-15 16:57:13 0 [Note] InnoDB: Mutexes and rw_locks use Windows interlocked functions
2024-05-15 16:57:13 0 [Note] InnoDB: Uses event mutexes
2024-05-15 16:57:13 0 [Note] InnoDB: Compressed tables use zlib 1.2.11
2024-05-15 16:57:13 0 [Note] InnoDB: Number of pools: 1
2024-05-15 16:57:13 0 [Note] InnoDB: Using SSE2 crc32 instructions
2024-05-15 16:57:13 0 [Note] InnoDB: Initializing buffer pool, total size = 16M, instances = 1, chunk size = 16M
2024-05-15 16:57:13 0 [Note] InnoDB: Completed initialization of buffer pool
2024-05-15 16:57:13 0 [Note] InnoDB: Starting crash recovery from checkpoint LSN=1218727
2024-05-15 16:57:13 0 [Note] InnoDB: 128 out of 128 rollback segments are active.
2024-05-15 16:57:13 0 [Note] InnoDB: Removed temporary tablespace data file: "ibtmp1"
2024-05-15 16:57:13 0 [Note] InnoDB: Creating shared tablespace for temporary tables
2024-05-15 16:57:13 0 [Note] InnoDB: Setting file 'C:\xampp\mysql\data\ibtmp1' size to 12 MB. Physically writing the file full; Please wait ...
2024-05-15 16:57:13 0 [Note] InnoDB: File 'C:\xampp\mysql\data\ibtmp1' size is now 12 MB.
2024-05-15 16:57:13 0 [Note] InnoDB: Waiting for purge to start
2024-05-15 16:57:13 0 [Note] InnoDB: 10.4.20 started; log sequence number 1218736; transaction id 2302
2024-05-15 16:57:13 0 [Note] InnoDB: Loading buffer pool(s) from C:\xampp\mysql\data\ib_buffer_pool
2024-05-15 16:57:13 0 [Note] Plugin 'FEEDBACK' is disabled.
2024-05-15 16:57:13 0 [Note] Server socket created on IP: '::'.
2024-05-16 17:15:00 0 [Note] InnoDB: Mutexes and rw_locks use Windows interlocked functions
2024-05-16 17:15:00 0 [Note] InnoDB: Uses event mutexes
2024-05-16 17:15:00 0 [Note] InnoDB: Compressed tables use zlib 1.2.11
2024-05-16 17:15:00 0 [Note] InnoDB: Number of pools: 1
2024-05-16 17:15:00 0 [Note] InnoDB: Using SSE2 crc32 instructions
2024-05-16 17:15:00 0 [Note] InnoDB: Initializing buffer pool, total size = 16M, instances = 1, chunk size = 16M
2024-05-16 17:15:00 0 [Note] InnoDB: Completed initialization of buffer pool
2024-05-16 17:15:00 0 [Note] InnoDB: Starting crash recovery from checkpoint LSN=1221446
2024-05-16 17:15:01 0 [Note] InnoDB: 128 out of 128 rollback segments are active.
2024-05-16 17:15:01 0 [Note] InnoDB: Removed temporary tablespace data file: "ibtmp1"
2024-05-16 17:15:01 0 [Note] InnoDB: Creating shared tablespace for temporary tables
2024-05-16 17:15:01 0 [Note] InnoDB: Setting file 'C:\xampp\mysql\data\ibtmp1' size to 12 MB. Physically writing the file full; Please wait ...
2024-05-16 17:15:01 0 [Note] InnoDB: File 'C:\xampp\mysql\data\ibtmp1' size is now 12 MB.
2024-05-16 17:15:01 0 [Note] InnoDB: Waiting for purge to start
2024-05-16 17:15:01 0 [Note] InnoDB: 10.4.20 started; log sequence number 1221455; transaction id 2335
2024-05-16 17:15:01 0 [Note] InnoDB: Loading buffer pool(s) from C:\xampp\mysql\data\ib_buffer_pool
2024-05-16 17:15:01 0 [Note] Plugin 'FEEDBACK' is disabled.
2024-05-16 17:15:01 0 [Note] InnoDB: Buffer pool(s) load completed at 240516 17:15:01
2024-05-16 17:15:01 0 [Note] Server socket created on IP: '::'.
2024-05-26 13:07:24 0 [Note] InnoDB: Mutexes and rw_locks use Windows interlocked functions
2024-05-26 13:07:24 0 [Note] InnoDB: Uses event mutexes
2024-05-26 13:07:24 0 [Note] InnoDB: Compressed tables use zlib 1.2.11
2024-05-26 13:07:24 0 [Note] InnoDB: Number of pools: 1
2024-05-26 13:07:24 0 [Note] InnoDB: Using SSE2 crc32 instructions
2024-05-26 13:07:24 0 [Note] InnoDB: Initializing buffer pool, total size = 16M, instances = 1, chunk size = 16M
2024-05-26 13:07:24 0 [Note] InnoDB: Completed initialization of buffer pool
2024-05-26 13:07:24 0 [Note] InnoDB: Starting crash recovery from checkpoint LSN=1223615
2024-05-26 13:07:25 0 [Note] InnoDB: 128 out of 128 rollback segments are active.
2024-05-26 13:07:25 0 [Note] InnoDB: Removed temporary tablespace data file: "ibtmp1"
2024-05-26 13:07:25 0 [Note] InnoDB: Creating shared tablespace for temporary tables
2024-05-26 13:07:25 0 [Note] InnoDB: Setting file 'C:\xampp\mysql\data\ibtmp1' size to 12 MB. Physically writing the file full; Please wait ...
2024-05-26 13:07:25 0 [Note] InnoDB: File 'C:\xampp\mysql\data\ibtmp1' size is now 12 MB.
2024-05-26 13:07:25 0 [Note] InnoDB: Waiting for purge to start
2024-05-26 13:07:25 0 [Note] InnoDB: 10.4.20 started; log sequence number 1223624; transaction id 2347
2024-05-26 13:07:25 0 [Note] InnoDB: Loading buffer pool(s) from C:\xampp\mysql\data\ib_buffer_pool
2024-05-26 13:07:25 0 [Note] Plugin 'FEEDBACK' is disabled.
2024-05-26 13:07:25 0 [Note] Server socket created on IP: '::'.
2024-05-31 10:36:46 0 [Note] InnoDB: Mutexes and rw_locks use Windows interlocked functions
2024-05-31 10:36:46 0 [Note] InnoDB: Uses event mutexes
2024-05-31 10:36:46 0 [Note] InnoDB: Compressed tables use zlib 1.2.11
2024-05-31 10:36:46 0 [Note] InnoDB: Number of pools: 1
2024-05-31 10:36:46 0 [Note] InnoDB: Using SSE2 crc32 instructions
2024-05-31 10:36:46 0 [Note] InnoDB: Initializing buffer pool, total size = 16M, instances = 1, chunk size = 16M
2024-05-31 10:36:46 0 [Note] InnoDB: Completed initialization of buffer pool
2024-05-31 10:36:46 0 [Note] InnoDB: Starting crash recovery from checkpoint LSN=1228104
2024-05-31 10:36:47 0 [Note] InnoDB: 128 out of 128 rollback segments are active.
2024-05-31 10:36:47 0 [Note] InnoDB: Removed temporary tablespace data file: "ibtmp1"
2024-05-31 10:36:47 0 [Note] InnoDB: Creating shared tablespace for temporary tables
2024-05-31 10:36:47 0 [Note] InnoDB: Setting file 'C:\xampp\mysql\data\ibtmp1' size to 12 MB. Physically writing the file full; Please wait ...
2024-05-31 10:36:47 0 [Note] InnoDB: File 'C:\xampp\mysql\data\ibtmp1' size is now 12 MB.
2024-05-31 10:36:47 0 [Note] InnoDB: Waiting for purge to start
2024-05-31 10:36:47 0 [Note] InnoDB: 10.4.20 started; log sequence number 1228113; transaction id 2389
2024-05-31 10:36:47 0 [Note] InnoDB: Loading buffer pool(s) from C:\xampp\mysql\data\ib_buffer_pool
2024-05-31 10:36:47 0 [Note] Plugin 'FEEDBACK' is disabled.
2024-05-31 10:36:47 0 [Note] Server socket created on IP: '::'.
2024-05-31 10:36:52 0 [Note] InnoDB: Mutexes and rw_locks use Windows interlocked functions
2024-05-31 10:36:52 0 [Note] InnoDB: Uses event mutexes
2024-05-31 10:36:52 0 [Note] InnoDB: Compressed tables use zlib 1.2.11
2024-05-31 10:36:52 0 [Note] InnoDB: Number of pools: 1
2024-05-31 10:36:52 0 [Note] InnoDB: Using SSE2 crc32 instructions
2024-05-31 10:36:52 0 [Note] InnoDB: Initializing buffer pool, total size = 16M, instances = 1, chunk size = 16M
2024-05-31 10:36:52 0 [Note] InnoDB: Completed initialization of buffer pool
2024-05-31 10:36:52 0 [Note] InnoDB: Starting crash recovery from checkpoint LSN=1228104
2024-05-31 10:36:52 0 [Note] InnoDB: 128 out of 128 rollback segments are active.
2024-05-31 10:36:52 0 [Note] InnoDB: Removed temporary tablespace data file: "ibtmp1"
2024-05-31 10:36:52 0 [Note] InnoDB: Creating shared tablespace for temporary tables
2024-05-31 10:36:52 0 [Note] InnoDB: Setting file 'C:\xampp\mysql\data\ibtmp1' size to 12 MB. Physically writing the file full; Please wait ...
2024-05-31 10:36:52 0 [Note] InnoDB: File 'C:\xampp\mysql\data\ibtmp1' size is now 12 MB.
2024-05-31 10:36:52 0 [Note] InnoDB: Waiting for purge to start
2024-05-31 10:36:52 0 [Note] InnoDB: 10.4.20 started; log sequence number 1228113; transaction id 2389
2024-05-31 10:36:52 0 [Note] InnoDB: Loading buffer pool(s) from C:\xampp\mysql\data\ib_buffer_pool
2024-05-31 10:36:52 0 [Note] Plugin 'FEEDBACK' is disabled.
2024-05-31 10:36:52 0 [Note] Server socket created on IP: '::'.
2024-06-01 10:14:21 0 [Note] InnoDB: Mutexes and rw_locks use Windows interlocked functions
2024-06-01 10:14:21 0 [Note] InnoDB: Uses event mutexes
2024-06-01 10:14:21 0 [Note] InnoDB: Compressed tables use zlib 1.2.11
2024-06-01 10:14:21 0 [Note] InnoDB: Number of pools: 1
2024-06-01 10:14:21 0 [Note] InnoDB: Using SSE2 crc32 instructions
2024-06-01 10:14:21 0 [Note] InnoDB: Initializing buffer pool, total size = 16M, instances = 1, chunk size = 16M
2024-06-01 10:14:21 0 [Note] InnoDB: Completed initialization of buffer pool
2024-06-01 10:14:21 0 [Note] InnoDB: Starting crash recovery from checkpoint LSN=1228122
2024-06-01 10:14:21 0 [Note] InnoDB: 128 out of 128 rollback segments are active.
2024-06-01 10:14:21 0 [Note] InnoDB: Removed temporary tablespace data file: "ibtmp1"
2024-06-01 10:14:21 0 [Note] InnoDB: Creating shared tablespace for temporary tables
2024-06-01 10:14:21 0 [Note] InnoDB: Setting file 'C:\xampp\mysql\data\ibtmp1' size to 12 MB. Physically writing the file full; Please wait ...
2024-06-01 10:14:21 0 [Note] InnoDB: File 'C:\xampp\mysql\data\ibtmp1' size is now 12 MB.
2024-06-01 10:14:21 0 [Note] InnoDB: Waiting for purge to start
2024-06-01 10:14:21 0 [Note] InnoDB: 10.4.20 started; log sequence number 1228131; transaction id 2389
2024-06-01 10:14:21 0 [Note] InnoDB: Loading buffer pool(s) from C:\xampp\mysql\data\ib_buffer_pool
2024-06-01 10:14:21 0 [Note] Plugin 'FEEDBACK' is disabled.
2024-06-01 10:14:21 0 [Note] Server socket created on IP: '::'.
2024-06-02 11:20:18 0 [Note] InnoDB: Mutexes and rw_locks use Windows interlocked functions
2024-06-02 11:20:18 0 [Note] InnoDB: Uses event mutexes
2024-06-02 11:20:18 0 [Note] InnoDB: Compressed tables use zlib 1.2.11
2024-06-02 11:20:18 0 [Note] InnoDB: Number of pools: 1
2024-06-02 11:20:18 0 [Note] InnoDB: Using SSE2 crc32 instructions
2024-06-02 11:20:18 0 [Note] InnoDB: Initializing buffer pool, total size = 16M, instances = 1, chunk size = 16M
2024-06-02 11:20:18 0 [Note] InnoDB: Completed initialization of buffer pool
2024-06-02 11:20:18 0 [Note] InnoDB: Starting crash recovery from checkpoint LSN=1381340
2024-06-02 11:20:18 0 [Note] InnoDB: Starting final batch to recover 5 pages from redo log.
2024-06-02 11:20:19 0 [Note] InnoDB: 128 out of 128 rollback segments are active.
2024-06-02 11:20:19 0 [Note] InnoDB: Removed temporary tablespace data file: "ibtmp1"
2024-06-02 11:20:19 0 [Note] InnoDB: Creating shared tablespace for temporary tables
2024-06-02 11:20:19 0 [Note] InnoDB: Setting file 'C:\xampp\mysql\data\ibtmp1' size to 12 MB. Physically writing the file full; Please wait ...
2024-06-02 11:20:19 0 [Note] InnoDB: File 'C:\xampp\mysql\data\ibtmp1' size is now 12 MB.
2024-06-02 11:20:19 0 [Note] InnoDB: Waiting for purge to start
2024-06-02 11:20:19 0 [Note] InnoDB: 10.4.20 started; log sequence number 1397896; transaction id 2677
2024-06-02 11:20:19 0 [Note] InnoDB: Loading buffer pool(s) from C:\xampp\mysql\data\ib_buffer_pool
2024-06-02 11:20:19 0 [Note] Plugin 'FEEDBACK' is disabled.
2024-06-02 11:20:19 0 [Note] Server socket created on IP: '::'.
2024-06-03 14:40:04 0 [Note] InnoDB: Mutexes and rw_locks use Windows interlocked functions
2024-06-03 14:40:04 0 [Note] InnoDB: Uses event mutexes
2024-06-03 14:40:04 0 [Note] InnoDB: Compressed tables use zlib 1.2.11
2024-06-03 14:40:04 0 [Note] InnoDB: Number of pools: 1
2024-06-03 14:40:04 0 [Note] InnoDB: Using SSE2 crc32 instructions
2024-06-03 14:40:04 0 [Note] InnoDB: Initializing buffer pool, total size = 16M, instances = 1, chunk size = 16M
2024-06-03 14:40:04 0 [Note] InnoDB: Completed initialization of buffer pool
2024-06-03 14:40:04 0 [Note] InnoDB: Starting crash recovery from checkpoint LSN=1430357
2024-06-03 14:40:05 0 [Note] InnoDB: 128 out of 128 rollback segments are active.
2024-06-03 14:40:05 0 [Note] InnoDB: Removed temporary tablespace data file: "ibtmp1"
2024-06-03 14:40:05 0 [Note] InnoDB: Creating shared tablespace for temporary tables
2024-06-03 14:40:05 0 [Note] InnoDB: Setting file 'C:\xampp\mysql\data\ibtmp1' size to 12 MB. Physically writing the file full; Please wait ...
2024-06-03 14:40:05 0 [Note] InnoDB: File 'C:\xampp\mysql\data\ibtmp1' size is now 12 MB.
2024-06-03 14:40:05 0 [Note] InnoDB: Waiting for purge to start
2024-06-03 14:40:05 0 [Note] InnoDB: 10.4.20 started; log sequence number 1430366; transaction id 2733
2024-06-03 14:40:05 0 [Note] InnoDB: Loading buffer pool(s) from C:\xampp\mysql\data\ib_buffer_pool
2024-06-03 14:40:05 0 [Note] Plugin 'FEEDBACK' is disabled.
2024-06-03 14:40:05 0 [Note] Server socket created on IP: '::'.
2024-06-03 21:53:44 0 [Note] InnoDB: Mutexes and rw_locks use Windows interlocked functions
2024-06-03 21:53:44 0 [Note] InnoDB: Uses event mutexes
2024-06-03 21:53:44 0 [Note] InnoDB: Compressed tables use zlib 1.2.11
2024-06-03 21:53:44 0 [Note] InnoDB: Number of pools: 1
2024-06-03 21:53:44 0 [Note] InnoDB: Using SSE2 crc32 instructions
2024-06-03 21:53:45 0 [Note] InnoDB: Initializing buffer pool, total size = 16M, instances = 1, chunk size = 16M
2024-06-03 21:53:45 0 [Note] InnoDB: Completed initialization of buffer pool
2024-06-03 21:53:45 0 [Note] InnoDB: Starting crash recovery from checkpoint LSN=1430375
2024-06-03 21:53:45 0 [Note] InnoDB: 128 out of 128 rollback segments are active.
2024-06-03 21:53:45 0 [Note] InnoDB: Removed temporary tablespace data file: "ibtmp1"
2024-06-03 21:53:45 0 [Note] InnoDB: Creating shared tablespace for temporary tables
2024-06-03 21:53:45 0 [Note] InnoDB: Setting file 'C:\xampp\mysql\data\ibtmp1' size to 12 MB. Physically writing the file full; Please wait ...
2024-06-03 21:53:45 0 [Note] InnoDB: File 'C:\xampp\mysql\data\ibtmp1' size is now 12 MB.
2024-06-03 21:53:45 0 [Note] InnoDB: Waiting for purge to start
2024-06-03 21:53:45 0 [Note] InnoDB: 10.4.20 started; log sequence number 1430384; transaction id 2733
2024-06-03 21:53:45 0 [Note] InnoDB: Loading buffer pool(s) from C:\xampp\mysql\data\ib_buffer_pool
2024-06-03 21:53:45 0 [Note] Plugin 'FEEDBACK' is disabled.
2024-06-03 21:53:45 0 [Note] Server socket created on IP: '::'.
2024-06-05 23:25:58 0 [Note] InnoDB: Mutexes and rw_locks use Windows interlocked functions
2024-06-05 23:25:58 0 [Note] InnoDB: Uses event mutexes
2024-06-05 23:25:58 0 [Note] InnoDB: Compressed tables use zlib 1.2.11
2024-06-05 23:25:58 0 [Note] InnoDB: Number of pools: 1
2024-06-05 23:25:58 0 [Note] InnoDB: Using SSE2 crc32 instructions
2024-06-05 23:25:58 0 [Note] InnoDB: Initializing buffer pool, total size = 16M, instances = 1, chunk size = 16M
2024-06-05 23:25:58 0 [Note] InnoDB: Completed initialization of buffer pool
2024-06-05 23:25:58 0 [Note] InnoDB: Starting crash recovery from checkpoint LSN=1430393
2024-06-05 23:25:59 0 [Note] InnoDB: 128 out of 128 rollback segments are active.
2024-06-05 23:25:59 0 [Note] InnoDB: Removed temporary tablespace data file: "ibtmp1"
2024-06-05 23:25:59 0 [Note] InnoDB: Creating shared tablespace for temporary tables
2024-06-05 23:25:59 0 [Note] InnoDB: Setting file 'C:\xampp\mysql\data\ibtmp1' size to 12 MB. Physically writing the file full; Please wait ...
2024-06-05 23:25:59 0 [Note] InnoDB: File 'C:\xampp\mysql\data\ibtmp1' size is now 12 MB.
2024-06-05 23:25:59 0 [Note] InnoDB: Waiting for purge to start
2024-06-05 23:25:59 0 [Note] InnoDB: 10.4.20 started; log sequence number 1430402; transaction id 2733
2024-06-05 23:25:59 0 [Note] InnoDB: Loading buffer pool(s) from C:\xampp\mysql\data\ib_buffer_pool
2024-06-05 23:25:59 0 [Note] Plugin 'FEEDBACK' is disabled.
2024-06-05 23:25:59 0 [Note] Server socket created on IP: '::'.
2024-06-12 15:01:31 0 [Note] InnoDB: Mutexes and rw_locks use Windows interlocked functions
2024-06-12 15:01:31 0 [Note] InnoDB: Uses event mutexes
2024-06-12 15:01:31 0 [Note] InnoDB: Compressed tables use zlib 1.2.11
2024-06-12 15:01:31 0 [Note] InnoDB: Number of pools: 1
2024-06-12 15:01:31 0 [Note] InnoDB: Using SSE2 crc32 instructions
2024-06-12 15:01:31 0 [Note] InnoDB: Initializing buffer pool, total size = 16M, instances = 1, chunk size = 16M
2024-06-12 15:01:31 0 [Note] InnoDB: Completed initialization of buffer pool
2024-06-12 15:01:31 0 [Note] InnoDB: Starting crash recovery from checkpoint LSN=1452983
2024-06-12 15:01:32 0 [Note] InnoDB: 128 out of 128 rollback segments are active.
2024-06-12 15:01:32 0 [Note] InnoDB: Removed temporary tablespace data file: "ibtmp1"
2024-06-12 15:01:32 0 [Note] InnoDB: Creating shared tablespace for temporary tables
2024-06-12 15:01:32 0 [Note] InnoDB: Setting file 'C:\xampp\mysql\data\ibtmp1' size to 12 MB. Physically writing the file full; Please wait ...
2024-06-12 15:01:32 0 [Note] InnoDB: File 'C:\xampp\mysql\data\ibtmp1' size is now 12 MB.
2024-06-12 15:01:32 0 [Note] InnoDB: Waiting for purge to start
2024-06-12 15:01:32 0 [Note] InnoDB: 10.4.20 started; log sequence number 1452992; transaction id 2779
2024-06-12 15:01:32 0 [Note] InnoDB: Loading buffer pool(s) from C:\xampp\mysql\data\ib_buffer_pool
2024-06-12 15:01:32 0 [Note] Plugin 'FEEDBACK' is disabled.
2024-06-12 15:01:32 0 [Note] Server socket created on IP: '::'.
2024-06-12 15:01:32 0 [Note] InnoDB: Buffer pool(s) l2024-06-12 17:23:59 0 [Note] InnoDB: Mutexes and rw_locks use Windows interlocked functions
2024-06-12 17:23:59 0 [Note] InnoDB: Uses event mutexes
2024-06-12 17:23:59 0 [Note] InnoDB: Compressed tables use zlib 1.2.11
2024-06-12 17:23:59 0 [Note] InnoDB: Number of pools: 1
2024-06-12 17:23:59 0 [Note] InnoDB: Using SSE2 crc32 instructions
2024-06-12 17:23:59 0 [Note] InnoDB: Initializing buffer pool, total size = 16M, instances = 1, chunk size = 16M
2024-06-12 17:23:59 0 [Note] InnoDB: Completed initialization of buffer pool
2024-06-12 17:23:59 0 [Note] InnoDB: Starting crash recovery from checkpoint LSN=1453001
2024-06-12 17:23:59 0 [Note] InnoDB: 128 out of 128 rollback segments are active.
2024-06-12 17:23:59 0 [Note] InnoDB: Removed temporary tablespace data file: "ibtmp1"
2024-06-12 17:23:59 0 [Note] InnoDB: Creating shared tablespace for temporary tables
2024-06-12 17:23:59 0 [Note] InnoDB: Setting file 'C:\xampp\mysql\data\ibtmp1' size to 12 MB. Physically writing the file full; Please wait ...
2024-06-12 17:23:59 0 [Note] InnoDB: File 'C:\xampp\mysql\data\ibtmp1' size is now 12 MB.
2024-06-12 17:23:59 0 [Note] InnoDB: Waiting for purge to start
2024-06-12 17:23:59 0 [Note] InnoDB: 10.4.20 started; log sequence number 1453010; transaction id 2779
2024-06-12 17:23:59 0 [Note] InnoDB: Loading buffer pool(s) from C:\xampp\mysql\data\ib_buffer_pool
2024-06-12 17:23:59 0 [Note] Plugin 'FEEDBACK' is disabled.
2024-06-12 17:23:59 0 [Note] Server socket created on IP: '::'.
2024-06-13 13:06:15 0 [Note] InnoDB: Mutexes and rw_locks use Windows interlocked functions
2024-06-13 13:06:15 0 [Note] InnoDB: Uses event mutexes
2024-06-13 13:06:15 0 [Note] InnoDB: Compressed tables use zlib 1.2.11
2024-06-13 13:06:15 0 [Note] InnoDB: Number of pools: 1
2024-06-13 13:06:15 0 [Note] InnoDB: Using SSE2 crc32 instructions
2024-06-13 13:06:15 0 [Note] InnoDB: Initializing buffer pool, total size = 16M, instances = 1, chunk size = 16M
2024-06-13 13:06:15 0 [Note] InnoDB: Completed initialization of buffer pool
2024-06-13 13:06:15 0 [Note] InnoDB: Starting crash recovery from checkpoint LSN=1453019
2024-06-13 13:06:15 0 [Note] InnoDB: 128 out of 128 rollback segments are active.
2024-06-13 13:06:15 0 [Note] InnoDB: Removed temporary tablespace data file: "ibtmp1"
2024-06-13 13:06:15 0 [Note] InnoDB: Creating shared tablespace for temporary tables
2024-06-13 13:06:15 0 [Note] InnoDB: Setting file 'C:\xampp\mysql\data\ibtmp1' size to 12 MB. Physically writing the file full; Please wait ...
2024-06-13 13:06:15 0 [Note] InnoDB: File 'C:\xampp\mysql\data\ibtmp1' size is now 12 MB.
2024-06-13 13:06:15 0 [Note] InnoDB: Waiting for purge to start
2024-06-13 13:06:15 0 [Note] InnoDB: 10.4.20 started; log sequence number 1453028; transaction id 2779
2024-06-13 13:06:15 0 [Note] InnoDB: Loading buffer pool(s) from C:\xampp\mysql\data\ib_buffer_pool
2024-06-13 13:06:15 0 [Note] Plugin 'FEEDBACK' is disabled.
2024-06-13 13:06:15 0 [Note] Server socket created on IP: '::'.
2024-06-13 15:06:07 0 [Note] InnoDB: Mutexes and rw_locks use Windows interlocked functions
2024-06-13 15:06:07 0 [Note] InnoDB: Uses event mutexes
2024-06-13 15:06:07 0 [Note] InnoDB: Compressed tables use zlib 1.2.11
2024-06-13 15:06:07 0 [Note] InnoDB: Number of pools: 1
2024-06-13 15:06:07 0 [Note] InnoDB: Using SSE2 crc32 instructions
2024-06-13 15:06:07 0 [Note] InnoDB: Initializing buffer pool, total size = 16M, instances = 1, chunk size = 16M
2024-06-13 15:06:07 0 [Note] InnoDB: Completed initialization of buffer pool
2024-06-13 15:06:07 0 [Note] InnoDB: Starting crash recovery from checkpoint LSN=1453037
2024-06-13 15:06:08 0 [Note] InnoDB: 128 out of 128 rollback segments are active.
2024-06-13 15:06:08 0 [Note] InnoDB: Removed temporary tablespace data file: "ibtmp1"
2024-06-13 15:06:08 0 [Note] InnoDB: Creating shared tablespace for temporary tables
2024-06-13 15:06:08 0 [Note] InnoDB: Setting file 'C:\xampp\mysql\data\ibtmp1' size to 12 MB. Physically writing the file full; Please wait ...
2024-06-13 15:06:08 0 [Note] InnoDB: File 'C:\xampp\mysql\data\ibtmp1' size is now 12 MB.
2024-06-13 15:06:08 0 [Note] InnoDB: Waiting for purge to start
2024-06-13 15:06:08 0 [Note] InnoDB: 10.4.20 started; log sequence number 1453046; transaction id 2779
2024-06-13 15:06:08 0 [Note] InnoDB: Loading buffer pool(s) from C:\xampp\mysql\data\ib_buffer_pool
2024-06-13 15:06:08 0 [Note] Plugin 'FEEDBACK' is disabled.
2024-06-13 15:06:08 0 [Note] Server socket created on IP: '::'.
2024-06-14 17:04:06 0 [Note] InnoDB: Mutexes and rw_locks use Windows interlocked functions
2024-06-14 17:04:06 0 [Note] InnoDB: Uses event mutexes
2024-06-14 17:04:06 0 [Note] InnoDB: Compressed tables use zlib 1.2.11
2024-06-14 17:04:06 0 [Note] InnoDB: Number of pools: 1
2024-06-14 17:04:06 0 [Note] InnoDB: Using SSE2 crc32 instructions
2024-06-14 17:04:06 0 [Note] InnoDB: Initializing buffer pool, total size = 16M, instances = 1, chunk size = 16M
2024-06-14 17:04:06 0 [Note] InnoDB: Completed initialization of buffer pool
2024-06-14 17:04:06 0 [Note] InnoDB: Starting crash recovery from checkpoint LSN=1453071
2024-06-14 17:04:07 0 [Note] InnoDB: 128 out of 128 rollback segments are active.
2024-06-14 17:04:07 0 [Note] InnoDB: Removed temporary tablespace data file: "ibtmp1"
2024-06-14 17:04:07 0 [Note] InnoDB: Creating shared tablespace for temporary tables
2024-06-14 17:04:07 0 [Note] InnoDB: Setting file 'C:\xampp\mysql\data\ibtmp1' size to 12 MB. Physically writing the file full; Please wait ...
2024-06-14 17:04:07 0 [Note] InnoDB: File 'C:\xampp\mysql\data\ibtmp1' size is now 12 MB.
2024-06-14 17:04:07 0 [Note] InnoDB: Waiting for purge to start
2024-06-14 17:04:07 0 [Note] InnoDB: 10.4.20 started; log sequence number 1453080; transaction id 2779
2024-06-14 17:04:07 0 [Note] InnoDB: Loading buffer pool(s) from C:\xampp\mysql\data\ib_buffer_pool
2024-06-14 17:04:07 0 [Note] Plugin 'FEEDBACK' is disabled.
2024-06-14 17:04:07 0 [Note] Server socket created on IP: '::'.
2024-06-15 17:03:21 0 [Note] InnoDB: Mutexes and rw_locks use Windows interlocked functions
2024-06-15 17:03:21 0 [Note] InnoDB: Uses event mutexes
2024-06-15 17:03:21 0 [Note] InnoDB: Compressed tables use zlib 1.2.11
2024-06-15 17:03:21 0 [Note] InnoDB: Number of pools: 1
2024-06-15 17:03:21 0 [Note] InnoDB: Using SSE2 crc32 instructions
2024-06-15 17:03:21 0 [Note] InnoDB: Initializing buffer pool, total size = 16M, instances = 1, chunk size = 16M
2024-06-15 17:03:21 0 [Note] InnoDB: Completed initialization of buffer pool
2024-06-15 17:03:21 0 [Note] InnoDB: Starting crash recovery from checkpoint LSN=1535920
2024-06-15 17:03:21 0 [Note] InnoDB: 128 out of 128 rollback segments are active.
2024-06-15 17:03:21 0 [Note] InnoDB: Removed temporary tablespace data file: "ibtmp1"
2024-06-15 17:03:21 0 [Note] InnoDB: Creating shared tablespace for temporary tables
2024-06-15 17:03:21 0 [Note] InnoDB: Setting file 'C:\xampp\mysql\data\ibtmp1' size to 12 MB. Physically writing the file full; Please wait ...
2024-06-15 17:03:21 0 [Note] InnoDB: File 'C:\xampp\mysql\data\ibtmp1' size is now 12 MB.
2024-06-15 17:03:21 0 [Note] InnoDB: Waiting for purge to start
2024-06-15 17:03:21 0 [Note] InnoDB: 10.4.20 started; log sequence number 1535929; transaction id 2962
2024-06-15 17:03:21 0 [Note] InnoDB: Loading buffer pool(s) from C:\xampp\mysql\data\ib_buffer_pool
2024-06-15 17:03:21 0 [Note] Plugin 'FEEDBACK' is disabled.
2024-06-15 17:03:21 0 [Note] Server socket created on IP: '::'.
2024-06-16 17:26:47 0 [Note] InnoDB: Mutexes and rw_locks use Windows interlocked functions
2024-06-16 17:26:47 0 [Note] InnoDB: Uses event mutexes
2024-06-16 17:26:47 0 [Note] InnoDB: Compressed tables use zlib 1.2.11
2024-06-16 17:26:47 0 [Note] InnoDB: Number of pools: 1
2024-06-16 17:26:47 0 [Note] InnoDB: Using SSE2 crc32 instructions
2024-06-16 17:26:47 0 [Note] InnoDB: Initializing buffer pool, total size = 16M, instances = 1, chunk size = 16M
2024-06-16 17:26:47 0 [Note] InnoDB: Completed initialization of buffer pool
2024-06-16 17:26:47 0 [Note] InnoDB: Starting crash recovery from checkpoint LSN=1535938
2024-06-16 17:26:47 0 [Note] InnoDB: 128 out of 128 rollback segments are active.
2024-06-16 17:26:47 0 [Note] InnoDB: Removed temporary tablespace data file: "ibtmp1"
2024-06-16 17:26:47 0 [Note] InnoDB: Creating shared tablespace for temporary tables
2024-06-16 17:26:47 0 [Note] InnoDB: Setting file 'C:\xampp\mysql\data\ibtmp1' size to 12 MB. Physically writing the file full; Please wait ...
2024-06-16 17:26:47 0 [Note] InnoDB: File 'C:\xampp\mysql\data\ibtmp1' size is now 12 MB.
2024-06-16 17:26:47 0 [Note] InnoDB: Waiting for purge to start
2024-06-16 17:26:47 0 [Note] InnoDB: 10.4.20 started; log sequence number 1535947; transaction id 2962
2024-06-16 17:26:47 0 [Note] InnoDB: Loading buffer pool(s) from C:\xampp\mysql\data\ib_buffer_pool
2024-06-16 17:26:47 0 [Note] Plugin 'FEEDBACK' is disabled.
2024-06-16 17:26:47 0 [Note] Server socket created on IP: '::'.
2024-06-25 11:30:08 0 [Note] InnoDB: Mutexes and rw_locks use Windows interlocked functions
2024-06-25 11:30:08 0 [Note] InnoDB: Uses event mutexes
2024-06-25 11:30:08 0 [Note] InnoDB: Compressed tables use zlib 1.2.11
2024-06-25 11:30:08 0 [Note] InnoDB: Number of pools: 1
2024-06-25 11:30:08 0 [Note] InnoDB: Using SSE2 crc32 instructions
2024-06-25 11:30:08 0 [Note] InnoDB: Initializing buffer pool, total size = 16M, instances = 1, chunk size = 16M
2024-06-25 11:30:08 0 [Note] InnoDB: Completed initialization of buffer pool
2024-06-25 11:30:08 0 [Note] InnoDB: Starting crash recovery from checkpoint LSN=1577372
2024-06-25 11:30:09 0 [Note] InnoDB: 128 out of 128 rollback segments are active.
2024-06-25 11:30:09 0 [Note] InnoDB: Removed temporary tablespace data file: "ibtmp1"
2024-06-25 11:30:09 0 [Note] InnoDB: Creating shared tablespace for temporary tables
2024-06-25 11:30:09 0 [Note] InnoDB: Setting file 'C:\xampp\mysql\data\ibtmp1' size to 12 MB. Physically writing the file full; Please wait ...
2024-06-25 11:30:09 0 [Note] InnoDB: File 'C:\xampp\mysql\data\ibtmp1' size is now 12 MB.
2024-06-25 11:30:09 0 [Note] InnoDB: Waiting for purge to start
2024-06-25 11:30:09 0 [Note] InnoDB: 10.4.20 started; log sequence number 1577381; transaction id 3104
2024-06-25 11:30:09 0 [Note] InnoDB: Loading buffer pool(s) from C:\xampp\mysql\data\ib_buffer_pool
2024-06-25 11:30:09 0 [Note] Plugin 'FEEDBACK' is disabled.
2024-06-25 11:30:09 0 [Note] Server socket created on IP: '::'.
2024-06-25 11:55:11 0 [Note] InnoDB: Mutexes and rw_locks use Windows interlocked functions
2024-06-25 11:55:11 0 [Note] InnoDB: Uses event mutexes
2024-06-25 11:55:11 0 [Note] InnoDB: Compressed tables use zlib 1.2.11
2024-06-25 11:55:11 0 [Note] InnoDB: Number of pools: 1
2024-06-25 11:55:11 0 [Note] InnoDB: Using SSE2 crc32 instructions
2024-06-25 11:55:11 0 [Note] InnoDB: Initializing buffer pool, total size = 16M, instances = 1, chunk size = 16M
2024-06-25 11:55:11 0 [Note] InnoDB: Completed initialization of buffer pool
2024-06-25 11:55:11 0 [Note] InnoDB: Starting crash recovery from checkpoint LSN=1577390
2024-06-25 11:55:11 0 [Note] InnoDB: 128 out of 128 rollback segments are active.
2024-06-25 11:55:11 0 [Note] InnoDB: Removed temporary tablespace data file: "ibtmp1"
2024-06-25 11:55:11 0 [Note] InnoDB: Creating shared tablespace for temporary tables
2024-06-25 11:55:11 0 [Note] InnoDB: Setting file 'C:\xampp\mysql\data\ibtmp1' size to 12 MB. Physically writing the file full; Please wait ...
2024-06-25 11:55:11 0 [Note] InnoDB: File 'C:\xampp\mysql\data\ibtmp1' size is now 12 MB.
2024-06-25 11:55:11 0 [Note] InnoDB: Waiting for purge to start
2024-06-25 11:55:11 0 [Note] InnoDB: 10.4.20 started; log sequence number 1577399; transaction id 3104
2024-06-25 11:55:11 0 [Note] InnoDB: Loading buffer pool(s) from C:\xampp\mysql\data\ib_buffer_pool
2024-06-25 11:55:11 0 [Note] Plugin 'FEEDBACK' is disabled.
2024-06-25 11:55:11 0 [Note] Server socket created on IP: '::'.
2024-06-27 19:18:24 0 [Note] InnoDB: Mutexes and rw_locks use Windows interlocked functions
2024-06-27 19:18:24 0 [Note] InnoDB: Uses event mutexes
2024-06-27 19:18:24 0 [Note] InnoDB: Compressed tables use zlib 1.2.11
2024-06-27 19:18:24 0 [Note] InnoDB: Number of pools: 1
2024-06-27 19:18:24 0 [Note] InnoDB: Using SSE2 crc32 instructions
2024-06-27 19:18:24 0 [Note] InnoDB: Initializing buffer pool, total size = 16M, instances = 1, chunk size = 16M
2024-06-27 19:18:24 0 [Note] InnoDB: Completed initialization of buffer pool
2024-06-27 19:18:24 0 [Note] InnoDB: Starting crash recovery from checkpoint LSN=1577408
2024-06-27 19:18:24 0 [Note] InnoDB: 128 out of 128 rollback segments are active.
2024-06-27 19:18:24 0 [Note] InnoDB: Removed temporary tablespace data file: "ibtmp1"
2024-06-27 19:18:24 0 [Note] InnoDB: Creating shared tablespace for temporary tables
2024-06-27 19:18:24 0 [Note] InnoDB: Setting file 'C:\xampp\mysql\data\ibtmp1' size to 12 MB. Physically writing the file full; Please wait ...
2024-06-27 19:18:24 0 [Note] InnoDB: File 'C:\xampp\mysql\data\ibtmp1' size is now 12 MB.
2024-06-27 19:18:24 0 [Note] InnoDB: Waiting for purge to start
2024-06-27 19:18:24 0 [Note] InnoDB: 10.4.20 started; log sequence number 1577417; transaction id 3104
2024-06-27 19:18:24 0 [Note] InnoDB: Loading buffer pool(s) from C:\xampp\mysql\data\ib_buffer_pool
2024-06-27 19:18:24 0 [Note] Plugin 'FEEDBACK' is disabled.
2024-06-27 19:18:24 0 [Note] Server socket created on IP: '::'.
2024-08-01  8:55:47 0 [Note] InnoDB: Mutexes and rw_locks use Windows interlocked functions
2024-08-01  8:55:47 0 [Note] InnoDB: Uses event mutexes
2024-08-01  8:55:47 0 [Note] InnoDB: Compressed tables use zlib 1.2.11
2024-08-01  8:55:47 0 [Note] InnoDB: Number of pools: 1
2024-08-01  8:55:47 0 [Note] InnoDB: Using SSE2 crc32 instructions
2024-08-01  8:55:47 0 [Note] InnoDB: Initializing buffer pool, total size = 16M, instances = 1, chunk size = 16M
2024-08-01  8:55:47 0 [Note] InnoDB: Completed initialization of buffer pool
2024-08-01  8:55:47 0 [Note] InnoDB: Starting crash recovery from checkpoint LSN=1577426
2024-08-01  8:55:47 0 [Note] InnoDB: 128 out of 128 rollback segments are active.
2024-08-01  8:55:47 0 [Note] InnoDB: Removed temporary tablespace data file: "ibtmp1"
2024-08-01  8:55:47 0 [Note] InnoDB: Creating shared tablespace for temporary tables
2024-08-01  8:55:47 0 [Note] InnoDB: Setting file 'C:\xampp\mysql\data\ibtmp1' size to 12 MB. Physically writing the file full; Please wait ...
2024-08-01  8:55:47 0 [Note] InnoDB: File 'C:\xampp\mysql\data\ibtmp1' size is now 12 MB.
2024-08-01  8:55:47 0 [Note] InnoDB: Waiting for purge to start
2024-08-01  8:55:47 0 [Note] InnoDB: 10.4.20 started; log sequence number 1577435; transaction id 3104
2024-08-01  8:55:47 0 [Note] InnoDB: Loading buffer pool(s) from C:\xampp\mysql\data\ib_buffer_pool
2024-08-01  8:55:47 0 [Note] Plugin 'FEEDBACK' is disabled.
2024-08-01  8:55:47 0 [Note] Server socket created on IP: '::'.
2024-08-02  9:04:37 0 [Note] InnoDB: Mutexes and rw_locks use Windows interlocked functions
2024-08-02  9:04:37 0 [Note] InnoDB: Uses event mutexes
2024-08-02  9:04:37 0 [Note] InnoDB: Compressed tables use zlib 1.2.11
2024-08-02  9:04:37 0 [Note] InnoDB: Number of pools: 1
2024-08-02  9:04:37 0 [Note] InnoDB: Using SSE2 crc32 instructions
2024-08-02  9:04:37 0 [Note] InnoDB: Initializing buffer pool, total size = 16M, instances = 1, chunk size = 16M
2024-08-02  9:04:37 0 [Note] InnoDB: Completed initialization of buffer pool
2024-08-02  9:04:37 0 [Note] InnoDB: Starting crash recovery from checkpoint LSN=1577444
2024-08-02  9:04:38 0 [Note] InnoDB: 128 out of 128 rollback segments are active.
2024-08-02  9:04:38 0 [Note] InnoDB: Removed temporary tablespace data file: "ibtmp1"
2024-08-02  9:04:38 0 [Note] InnoDB: Creating shared tablespace for temporary tables
2024-08-02  9:04:38 0 [Note] InnoDB: Setting file 'C:\xampp\mysql\data\ibtmp1' size to 12 MB. Physically writing the file full; Please wait ...
2024-08-02  9:04:38 0 [Note] InnoDB: File 'C:\xampp\mysql\data\ibtmp1' size is now 12 MB.
2024-08-02  9:04:38 0 [Note] InnoDB: Waiting for purge to start
2024-08-02  9:04:38 0 [Note] InnoDB: 10.4.20 started; log sequence number 1577453; transaction id 3104
2024-08-02  9:04:38 0 [Note] InnoDB: Loading buffer pool(s) from C:\xampp\mysql\data\ib_buffer_pool
2024-08-02  9:04:38 0 [Note] Plugin 'FEEDBACK' is disabled.
2024-08-02  9:04:38 0 [Note] Server socket created on IP: '::'.
2024-08-05  9:29:37 0 [Note] InnoDB: Mutexes and rw_locks use Windows interlocked functions
2024-08-05  9:29:37 0 [Note] InnoDB: Uses event mutexes
2024-08-05  9:29:37 0 [Note] InnoDB: Compressed tables use zlib 1.2.11
2024-08-05  9:29:37 0 [Note] InnoDB: Number of pools: 1
2024-08-05  9:29:37 0 [Note] InnoDB: Using SSE2 crc32 instructions
2024-08-05  9:29:37 0 [Note] InnoDB: Initializing buffer pool, total size = 16M, instances = 1, chunk size = 16M
2024-08-05  9:29:37 0 [Note] InnoDB: Completed initialization of buffer pool
2024-08-05  9:29:37 0 [Note] InnoDB: Starting crash recovery from checkpoint LSN=1577487
2024-08-05  9:29:37 0 [Note] InnoDB: 128 out of 128 rollback segments are active.
2024-08-05  9:29:37 0 [Note] InnoDB: Removed temporary tablespace data file: "ibtmp1"
2024-08-05  9:29:37 0 [Note] InnoDB: Creating shared tablespace for temporary tables
2024-08-05  9:29:37 0 [Note] InnoDB: Setting file 'C:\xampp\mysql\data\ibtmp1' size to 12 MB. Physically writing the file full; Please wait ...
2024-08-05  9:29:37 0 [Note] InnoDB: File 'C:\xampp\mysql\data\ibtmp1' size is now 12 MB.
2024-08-05  9:29:37 0 [Note] InnoDB: Waiting for purge to start
2024-08-05  9:29:37 0 [Note] InnoDB: 10.4.20 started; log sequence number 1577496; transaction id 3104
2024-08-05  9:29:37 0 [Note] InnoDB: Loading buffer pool(s) from C:\xampp\mysql\data\ib_buffer_pool
2024-08-05  9:29:37 0 [Note] Plugin 'FEEDBACK' is disabled.
2024-08-05  9:29:37 0 [Note] InnoDB: Buffer pool(s) load completed at 240805  9:29:37
2024-08-05  9:29:37 0 [Note] Server socket created on IP: '::'.
2024-08-16  9:55:01 0 [Note] InnoDB: Mutexes and rw_locks use Windows interlocked functions
2024-08-16  9:55:01 0 [Note] InnoDB: Uses event mutexes
2024-08-16  9:55:01 0 [Note] InnoDB: Compressed tables use zlib 1.2.11
2024-08-16  9:55:01 0 [Note] InnoDB: Number of pools: 1
2024-08-16  9:55:01 0 [Note] InnoDB: Using SSE2 crc32 instructions
2024-08-16  9:55:01 0 [Note] InnoDB: Initializing buffer pool, total size = 16M, instances = 1, chunk size = 16M
2024-08-16  9:55:01 0 [Note] InnoDB: Completed initialization of buffer pool
2024-08-16  9:55:01 0 [Note] InnoDB: Starting crash recovery from checkpoint LSN=1577505
2024-08-16  9:55:02 0 [Note] InnoDB: 128 out of 128 rollback segments are active.
2024-08-16  9:55:02 0 [Note] InnoDB: Removed temporary tablespace data file: "ibtmp1"
2024-08-16  9:55:02 0 [Note] InnoDB: Creating shared tablespace for temporary tables
2024-08-16  9:55:02 0 [Note] InnoDB: Setting file 'C:\xampp\mysql\data\ibtmp1' size to 12 MB. Physically writing the file full; Please wait ...
2024-08-16  9:55:02 0 [Note] InnoDB: File 'C:\xampp\mysql\data\ibtmp1' size is now 12 MB.
2024-08-16  9:55:02 0 [Note] InnoDB: Waiting for purge to start
2024-08-16  9:55:02 0 [Note] InnoDB: 10.4.20 started; log sequence number 1577514; transaction id 3104
2024-08-16  9:55:02 0 [Note] InnoDB: Loading buffer pool(s) from C:\xampp\mysql\data\ib_buffer_pool
2024-08-16  9:55:02 0 [Note] Plugin 'FEEDBACK' is disabled.
2024-08-16  9:55:02 0 [Note] Server socket created on IP: '::'.
2024-09-27  8:57:50 0 [Note] InnoDB: Mutexes and rw_locks use Windows interlocked functions
2024-09-27  8:57:50 0 [Note] InnoDB: Uses event mutexes
2024-09-27  8:57:50 0 [Note] InnoDB: Compressed tables use zlib 1.2.11
2024-09-27  8:57:50 0 [Note] InnoDB: Number of pools: 1
2024-09-27  8:57:50 0 [Note] InnoDB: Using SSE2 crc32 instructions
2024-09-27  8:57:50 0 [Note] InnoDB: Initializing buffer pool, total size = 16M, instances = 1, chunk size = 16M
2024-09-27  8:57:50 0 [Note] InnoDB: Completed initialization of buffer pool
2024-09-27  8:57:50 0 [Note] InnoDB: Starting crash recovery from checkpoint LSN=1577523
2024-09-27  8:57:50 0 [Note] InnoDB: 128 out of 128 rollback segments are active.
2024-09-27  8:57:50 0 [Note] InnoDB: Removed temporary tablespace data file: "ibtmp1"
2024-09-27  8:57:50 0 [Note] InnoDB: Creating shared tablespace for temporary tables
2024-09-27  8:57:50 0 [Note] InnoDB: Setting file 'C:\xampp\mysql\data\ibtmp1' size to 12 MB. Physically writing the file full; Please wait ...
2024-09-27  8:57:50 0 [Note] InnoDB: File 'C:\xampp\mysql\data\ibtmp1' size is now 12 MB.
2024-09-27  8:57:50 0 [Note] InnoDB: Waiting for purge to start
2024-09-27  8:57:50 0 [Note] InnoDB: 10.4.20 started; log sequence number 1577532; transaction id 3104
2024-09-27  8:57:50 0 [Note] InnoDB: Loading buffer pool(s) from C:\xampp\mysql\data\ib_buffer_pool
2024-09-27  8:57:50 0 [Note] Plugin 'FEEDBACK' is disabled.
2024-09-27  8:57:50 0 [Note] Server socket created on IP: '::'.
2024-10-11 16:19:49 0 [Note] InnoDB: Mutexes and rw_locks use Windows interlocked functions
2024-10-11 16:19:49 0 [Note] InnoDB: Uses event mutexes
2024-10-11 16:19:49 0 [Note] InnoDB: Compressed tables use zlib 1.2.11
2024-10-11 16:19:49 0 [Note] InnoDB: Number of pools: 1
2024-10-11 16:19:49 0 [Note] InnoDB: Using SSE2 crc32 instructions
2024-10-11 16:19:49 0 [Note] InnoDB: Initializing buffer pool, total size = 16M, instances = 1, chunk size = 16M
2024-10-11 16:19:49 0 [Note] InnoDB: Completed initialization of buffer pool
2024-10-11 16:19:49 0 [Note] InnoDB: Starting crash recovery from checkpoint LSN=1577541
2024-10-11 16:19:50 0 [Note] InnoDB: 128 out of 128 rollback segments are active.
2024-10-11 16:19:50 0 [Note] InnoDB: Removed temporary tablespace data file: "ibtmp1"
2024-10-11 16:19:50 0 [Note] InnoDB: Creating shared tablespace for temporary tables
2024-10-11 16:19:50 0 [Note] InnoDB: Setting file 'C:\xampp\mysql\data\ibtmp1' size to 12 MB. Physically writing the file full; Please wait ...
2024-10-11 16:19:50 0 [Note] InnoDB: File 'C:\xampp\mysql\data\ibtmp1' size is now 12 MB.
2024-10-11 16:19:50 0 [Note] InnoDB: Waiting for purge to start
2024-10-11 16:19:50 0 [Note] InnoDB: 10.4.20 started; log sequence number 1577550; transaction id 3104
2024-10-11 16:19:50 0 [Note] InnoDB: Loading buffer pool(s) from C:\xampp\mysql\data\ib_buffer_pool
2024-10-11 16:19:50 0 [Note] Plugin 'FEEDBACK' is disabled.
2024-10-11 16:19:50 0 [Note] InnoDB: Buffer pool(s) load completed at 241011 16:19:50
2024-10-11 16:19:50 0 [Note] Server socket created on IP: '::'.
2024-10-11 16:19:53 0 [Note] InnoDB: Mutexes and rw_locks use Windows interlocked functions
2024-10-11 16:19:53 0 [Note] InnoDB: Uses event mutexes
2024-10-11 16:19:53 0 [Note] InnoDB: Compressed tables use zlib 1.2.11
2024-10-11 16:19:53 0 [Note] InnoDB: Number of pools: 1
2024-10-11 16:19:53 0 [Note] InnoDB: Using SSE2 crc32 instructions
2024-10-11 16:19:53 0 [Note] InnoDB: Initializing buffer pool, total size = 16M, instances = 1, chunk size = 16M
2024-10-11 16:19:53 0 [Note] InnoDB: Completed initialization of buffer pool
2024-10-11 16:19:53 0 [Note] InnoDB: Starting crash recovery from checkpoint LSN=1577541
2024-10-11 16:19:54 0 [Note] InnoDB: 128 out of 128 rollback segments are active.
2024-10-11 16:19:54 0 [Note] InnoDB: Removed temporary tablespace data file: "ibtmp1"
2024-10-11 16:19:54 0 [Note] InnoDB: Creating shared tablespace for temporary tables
2024-10-11 16:19:54 0 [Note] InnoDB: Setting file 'C:\xampp\mysql\data\ibtmp1' size to 12 MB. Physically writing the file full; Please wait ...
2024-10-11 16:19:54 0 [Note] InnoDB: File 'C:\xampp\mysql\data\ibtmp1' size is now 12 MB.
2024-10-11 16:19:54 0 [Note] InnoDB: Waiting for purge to start
2024-10-11 16:19:54 0 [Note] InnoDB: 10.4.20 started; log sequence number 1577550; transaction id 3104
2024-10-11 16:19:54 0 [Note] InnoDB: Loading buffer pool(s) from C:\xampp\mysql\data\ib_buffer_pool
2024-10-11 16:19:54 0 [Note] Plugin 'FEEDBACK' is disabled.
2024-10-11 16:19:54 0 [Note] Server socket created on IP: '::'.
2024-11-04 15:53:07 0 [Note] InnoDB: Mutexes and rw_locks use Windows interlocked functions
2024-11-04 15:53:07 0 [Note] InnoDB: Uses event mutexes
2024-11-04 15:53:07 0 [Note] InnoDB: Compressed tables use zlib 1.2.11
2024-11-04 15:53:07 0 [Note] InnoDB: Number of pools: 1
2024-11-04 15:53:07 0 [Note] InnoDB: Using SSE2 crc32 instructions
2024-11-04 15:53:07 0 [Note] InnoDB: Initializing buffer pool, total size = 16M, instances = 1, chunk size = 16M
2024-11-04 15:53:07 0 [Note] InnoDB: Completed initialization of buffer pool
2024-11-04 15:53:07 0 [Note] InnoDB: Starting crash recovery from checkpoint LSN=1577559
2024-11-04 15:53:07 0 [Note] InnoDB: 128 out of 128 rollback segments are active.
2024-11-04 15:53:07 0 [Note] InnoDB: Removed temporary tablespace data file: "ibtmp1"
2024-11-04 15:53:07 0 [Note] InnoDB: Creating shared tablespace for temporary tables
2024-11-04 15:53:07 0 [Note] InnoDB: Setting file 'C:\xampp\mysql\data\ibtmp1' size to 12 MB. Physically writing the file full; Please wait ...
2024-11-04 15:53:07 0 [Note] InnoDB: File 'C:\xampp\mysql\data\ibtmp1' size is now 12 MB.
2024-11-04 15:53:07 0 [Note] InnoDB: Waiting for purge to start
2024-11-04 15:53:07 0 [Note] InnoDB: 10.4.20 started; log sequence number 1577568; transaction id 3104
2024-11-04 15:53:07 0 [Note] InnoDB: Loading buffer pool(s) from C:\xampp\mysql\data\ib_buffer_pool
2024-11-04 15:53:07 0 [Note] Plugin 'FEEDBACK' is disabled.
2024-11-04 15:53:07 0 [Note] Server socket created on IP: '::'.
2024-11-05 11:58:30 0 [Note] InnoDB: Mutexes and rw_locks use Windows interlocked functions
2024-11-05 11:58:30 0 [Note] InnoDB: Uses event mutexes
2024-11-05 11:58:30 0 [Note] InnoDB: Compressed tables use zlib 1.2.11
2024-11-05 11:58:30 0 [Note] InnoDB: Number of pools: 1
2024-11-05 11:58:30 0 [Note] InnoDB: Using SSE2 crc32 instructions
2024-11-05 11:58:30 0 [Note] InnoDB: Initializing buffer pool, total size = 16M, instances = 1, chunk size = 16M
2024-11-05 11:58:30 0 [Note] InnoDB: Completed initialization of buffer pool
2024-11-05 11:58:30 0 [Note] InnoDB: Starting crash recovery from checkpoint LSN=1631569
2024-11-05 11:58:30 0 [Note] InnoDB: 128 out of 128 rollback segments are active.
2024-11-05 11:58:30 0 [Note] InnoDB: Removed temporary tablespace data file: "ibtmp1"
2024-11-05 11:58:30 0 [Note] InnoDB: Creating shared tablespace for temporary tables
2024-11-05 11:58:30 0 [Note] InnoDB: Setting file 'C:\xampp\mysql\data\ibtmp1' size to 12 MB. Physically writing the file full; Please wait ...
2024-11-05 11:58:30 0 [Note] InnoDB: File 'C:\xampp\mysql\data\ibtmp1' size is now 12 MB.
2024-11-05 11:58:30 0 [Note] InnoDB: Waiting for purge to start
2024-11-05 11:58:30 0 [Note] InnoDB: 10.4.20 started; log sequence number 1631578; transaction id 3280
2024-11-05 11:58:30 0 [Note] InnoDB: Loading buffer pool(s) from C:\xampp\mysql\data\ib_buffer_pool
2024-11-05 11:58:30 0 [Note] Plugin 'FEEDBACK' is disabled.
2024-11-05 11:58:30 0 [Note] Server socket created on IP: '::'.
2024-11-07  9:12:46 0 [Note] InnoDB: Mutexes and rw_locks use Windows interlocked functions
2024-11-07  9:12:46 0 [Note] InnoDB: Uses event mutexes
2024-11-07  9:12:46 0 [Note] InnoDB: Compressed tables use zlib 1.2.11
2024-11-07  9:12:46 0 [Note] InnoDB: Number of pools: 1
2024-11-07  9:12:46 0 [Note] InnoDB: Using SSE2 crc32 instructions
2024-11-07  9:12:46 0 [Note] InnoDB: Initializing buffer pool, total size = 16M, instances = 1, chunk size = 16M
2024-11-07  9:12:46 0 [Note] InnoDB: Completed initialization of buffer pool
2024-11-07  9:12:46 0 [Note] InnoDB: 128 out of 128 rollback segments are active.
2024-11-07  9:12:46 0 [Note] InnoDB: Creating shared tablespace for temporary tables
2024-11-07  9:12:46 0 [Note] InnoDB: Setting file 'C:\xampp\mysql\data\ibtmp1' size to 12 MB. Physically writing the file full; Please wait ...
2024-11-07  9:12:46 0 [Note] InnoDB: File 'C:\xampp\mysql\data\ibtmp1' size is now 12 MB.
2024-11-07  9:12:46 0 [Note] InnoDB: Waiting for purge to start
2024-11-07  9:12:46 0 [Note] InnoDB: 10.4.20 started; log sequence number 1938029; transaction id 4295
2024-11-07  9:12:46 0 [Note] InnoDB: Loading buffer pool(s) from C:\xampp\mysql\data\ib_buffer_pool
2024-11-07  9:12:46 0 [Note] Plugin 'FEEDBACK' is disabled.
2024-11-07  9:12:46 0 [Note] Server socket created on IP: '::'.
2024-11-07  9:12:46 0 [Note] InnoDB: Buffer pool(s) load completed at 2411072024-11-09  8:55:18 0 [Note] InnoDB: Mutexes and rw_locks use Windows interlocked functions
2024-11-09  8:55:18 0 [Note] InnoDB: Uses event mutexes
2024-11-09  8:55:18 0 [Note] InnoDB: Compressed tables use zlib 1.2.11
2024-11-09  8:55:18 0 [Note] InnoDB: Number of pools: 1
2024-11-09  8:55:18 0 [Note] InnoDB: Using SSE2 crc32 instructions
2024-11-09  8:55:18 0 [Note] InnoDB: Initializing buffer pool, total size = 16M, instances = 1, chunk size = 16M
2024-11-09  8:55:18 0 [Note] InnoDB: Completed initialization of buffer pool
2024-11-09  8:55:18 0 [Note] InnoDB: Starting crash recovery from checkpoint LSN=1963186
2024-11-09  8:55:19 0 [Note] InnoDB: 128 out of 128 rollback segments are active.
2024-11-09  8:55:19 0 [Note] InnoDB: Removed temporary tablespace data file: "ibtmp1"
2024-11-09  8:55:19 0 [Note] InnoDB: Creating shared tablespace for temporary tables
2024-11-09  8:55:19 0 [Note] InnoDB: Setting file 'C:\xampp\mysql\data\ibtmp1' size to 12 MB. Physically writing the file full; Please wait ...
2024-11-09  8:55:19 0 [Note] InnoDB: File 'C:\xampp\mysql\data\ibtmp1' size is now 12 MB.
2024-11-09  8:55:19 0 [Note] InnoDB: Waiting for purge to start
2024-11-09  8:55:19 0 [Note] InnoDB: 10.4.20 started; log sequence number 1963195; transaction id 4372
2024-11-09  8:55:19 0 [Note] InnoDB: Loading buffer pool(s) from C:\xampp\mysql\data\ib_buffer_pool
2024-11-09  8:55:19 0 [Note] Plugin 'FEEDBACK' is disabled.
2024-11-09  8:55:20 0 [Note] InnoDB: Buffer pool(s) load completed at 241109  8:55:20
2024-11-09  8:55:20 0 [Note] Server socket created on IP: '::'.
2024-11-11  8:11:28 0 [Note] InnoDB: Mutexes and rw_locks use Windows interlocked functions
2024-11-11  8:11:28 0 [Note] InnoDB: Uses event mutexes
2024-11-11  8:11:28 0 [Note] InnoDB: Compressed tables use zlib 1.2.11
2024-11-11  8:11:28 0 [Note] InnoDB: Number of pools: 1
2024-11-11  8:11:28 0 [Note] InnoDB: Using SSE2 crc32 instructions
2024-11-11  8:11:28 0 [Note] InnoDB: Initializing buffer pool, total size = 16M, instances = 1, chunk size = 16M
2024-11-11  8:11:28 0 [Note] InnoDB: Completed initialization of buffer pool
2024-11-11  8:11:28 0 [Note] InnoDB: Starting crash recovery from checkpoint LSN=2033028
2024-11-11  8:11:28 0 [Note] InnoDB: 128 out of 128 rollback segments are active.
2024-11-11  8:11:28 0 [Note] InnoDB: Removed temporary tablespace data file: "ibtmp1"
2024-11-11  8:11:28 0 [Note] InnoDB: Creating shared tablespace for temporary tables
2024-11-11  8:11:28 0 [Note] InnoDB: Setting file 'C:\xampp\mysql\data\ibtmp1' size to 12 MB. Physically writing the file full; Please wait ...
2024-11-11  8:11:28 0 [Note] InnoDB: File 'C:\xampp\mysql\data\ibtmp1' size is now 12 MB.
2024-11-11  8:11:28 0 [Note] InnoDB: Waiting for purge to start
2024-11-11  8:11:28 0 [Note] InnoDB: 10.4.20 started; log sequence number 2033037; transaction id 4582
2024-11-11  8:11:28 0 [Note] InnoDB: Loading buffer pool(s) from C:\xampp\mysql\data\ib_buffer_pool
2024-11-11  8:11:28 0 [Note] Plugin 'FEEDBACK' is disabled.
2024-11-11  8:11:28 0 [Note] InnoDB: Buffer pool(s) load completed at 241111  8:11:28
2024-11-11  8:11:28 0 [Note] Server socket created on IP: '::'.
2024-11-13  8:12:05 0 [Note] InnoDB: Mutexes and rw_locks use Windows interlocked functions
2024-11-13  8:12:05 0 [Note] InnoDB: Uses event mutexes
2024-11-13  8:12:05 0 [Note] InnoDB: Compressed tables use zlib 1.2.11
2024-11-13  8:12:05 0 [Note] InnoDB: Number of pools: 1
2024-11-13  8:12:05 0 [Note] InnoDB: Using SSE2 crc32 instructions
2024-11-13  8:12:05 0 [Note] InnoDB: Initializing buffer pool, total size = 16M, instances = 1, chunk size = 16M
2024-11-13  8:12:05 0 [Note] InnoDB: Completed initialization of buffer pool
2024-11-13  8:12:05 0 [Note] InnoDB: Starting crash recovery from checkpoint LSN=2150010
2024-11-13  8:12:05 0 [Note] InnoDB: 128 out of 128 rollback segments are active.
2024-11-13  8:12:05 0 [Note] InnoDB: Removed temporary tablespace data file: "ibtmp1"
2024-11-13  8:12:05 0 [Note] InnoDB: Creating shared tablespace for temporary tables
2024-11-13  8:12:05 0 [Note] InnoDB: Setting file 'C:\xampp\mysql\data\ibtmp1' size to 12 MB. Physically writing the file full; Please wait ...
2024-11-13  8:12:05 0 [Note] InnoDB: File 'C:\xampp\mysql\data\ibtmp1' size is now 12 MB.
2024-11-13  8:12:05 0 [Note] InnoDB: Waiting for purge to start
2024-11-13  8:12:05 0 [Note] InnoDB: 10.4.20 started; log sequence number 2150019; transaction id 5097
2024-11-13  8:12:05 0 [Note] InnoDB: Loading buffer pool(s) from C:\xampp\mysql\data\ib_buffer_pool
2024-11-13  8:12:05 0 [Note] Plugin 'FEEDBACK' is disabled.
2024-11-13  8:12:05 0 [Note] InnoDB: Buffer pool(s) load completed at 241113  8:12:05
2024-11-13  8:12:05 0 [Note] Server socket created on IP: '::'.
2024-11-14 12:36:30 0 [Note] InnoDB: Mutexes and rw_locks use Windows interlocked functions
2024-11-14 12:36:30 0 [Note] InnoDB: Uses event mutexes
2024-11-14 12:36:30 0 [Note] InnoDB: Compressed tables use zlib 1.2.11
2024-11-14 12:36:30 0 [Note] InnoDB: Number of pools: 1
2024-11-14 12:36:30 0 [Note] InnoDB: Using SSE2 crc32 instructions
2024-11-14 12:36:30 0 [Note] InnoDB: Initializing buffer pool, total size = 16M, instances = 1, chunk size = 16M
2024-11-14 12:36:30 0 [Note] InnoDB: Completed initialization of buffer pool
2024-11-14 12:36:30 0 [Note] InnoDB: Starting crash recovery from checkpoint LSN=2259344
2024-11-14 12:36:31 0 [Note] InnoDB: 128 out of 128 rollback segments are active.
2024-11-14 12:36:31 0 [Note] InnoDB: Removed temporary tablespace data file: "ibtmp1"
2024-11-14 12:36:31 0 [Note] InnoDB: Creating shared tablespace for temporary tables
2024-11-14 12:36:31 0 [Note] InnoDB: Setting file 'C:\xampp\mysql\data\ibtmp1' size to 12 MB. Physically writing the file full; Please wait ...
2024-11-14 12:36:31 0 [Note] InnoDB: File 'C:\xampp\mysql\data\ibtmp1' size is now 12 MB.
2024-11-14 12:36:31 0 [Note] InnoDB: Waiting for purge to start
2024-11-14 12:36:31 0 [Note] InnoDB: 10.4.20 started; log sequence number 2259353; transaction id 5476
2024-11-14 12:36:31 0 [Note] InnoDB: Loading buffer pool(s) from C:\xampp\mysql\data\ib_buffer_pool
2024-11-14 12:36:31 0 [Note] Plugin 'FEEDBACK' is disabled.
2024-11-14 12:36:31 0 [Note] Server socket created on IP: '::'.
